recno,Mm,Cl,n_Cl,[DSP99],z,u_z,q_z,[OII],u_[OII],Hdelta,u_Hdelta,D4000,u_D4000,oRA,oDE,MType,D,magGB,ColGB,spFile,_RA,_DE
527,f,"Cl 0303+17", ,77,0.176, ,2,-38.7, ,0.0, ,2.59, ,32.8,-405.3," ",,,,"cl0303/cl0303ns1_1.fits   ",46.5637,17.2226
668,f,"Cl 0303+17", ,86,0.0, ,1,, ,, ,, ,77.2,-367.9," ",,,,"cl0303/cl0303ns1_2.fits   ",46.5766,17.233
532,f,"Cl 0303+17", ,82,0.1799, ,1,-28.0, ,1.6, ,2.0, ,130.0,-324.0," ",,,,"cl0303/cl0303ns1_3.fits   ",46.592,17.2452
533,f,"Cl 0303+17", ,83,0.7162, ,2,-7.9, ,1.5, ,1.69, ,74.1,-264.8," ",,,,"cl0303/cl0303ns1_5.fits   ",46.5757,17.2616
667,f,"Cl 0303+17", ,85,0.0, ,2,, ,, ,, ,-224.0,-49.6," ",,,,"cl0303/cl0303ew1_3.fits   ",46.489,17.3214
243,c,"Cl 0303+17", ,30,0.4207,:,4,, ,, ,1.73, ,-206.9,-47.9," ",,,,"cl0303/cl0303ew1_4.fits   ",46.494,17.3219
511,f,"Cl 0303+17", ,61,0.5988,:,4,0.0, ,0.0, ,1.41, ,-168.4,-36.8," ",,,,"cl0303/cl0303ew1_6.fits   ",46.5052,17.325
235,c,"Cl 0303+17", ,22,0.4206, ,3,0.0, ,, ,1.89, ,-240.0,-26.5," ",,,,"cl0303/cl0303ew1_2.fits   ",46.4843,17.3278
507,f,"Cl 0303+17", ,57,0.5912, ,3,0.0, ,0.0, ,1.53, ,-253.7,-15.7," ",,,,"cl0303/cl0303ew1_1.fits   ",46.4803,17.3308
263,c,"Cl 0303+17", ,50,0.4226, ,1,, ,, ,1.88, ,80.4,-216.9," ",,,,"cl0303/cl0303ns1_7.fits   ",46.5776,17.2749
264,c,"Cl 0303+17", ,51,0.4186, ,2,-65.7, ,, ,1.29, ,90.3,-194.4," ",,,,"cl0303/cl0303ns1_8.fits   ",46.5804,17.2812
534,f,"Cl 0303+17", ,84,0.5228, ,1,0.0, ,0.0, ,2.12, ,75.2,-176.7," ",,,,"cl0303/cl0303ns1_9.fits   ",46.576,17.2861
252,c,"Cl 0303+17", ,39,0.4236, ,3,-15.1, ,4.3, ,1.47, ,99.5,-154.2," ",,,,"cl0303/cl0303ns1_10.fits  ",46.5831,17.2924
253,c,"Cl 0303+17", ,40,0.4164, ,3,-46.5, ,, ,1.82, ,104.5,-139.9," ",,22.49,1.19,"cl0303/cl0303ns1_11.fits  ",46.5846,17.2963
254,c,"Cl 0303+17", ,41,0.4144,:,3,, ,, ,2.53, ,105.7,-137.9," ",,,,"cl0303/cl0303ns1_12.fits  ",46.5849,17.2969
255,c,"Cl 0303+17", ,42,0.4276, ,1,0.0, ,, ,2.09, ,96.6,-120.0,"SBa",0,20.53,1.56,"cl0303/cl0303ns1_13.fits  ",46.5823,17.3019
218,c,"Cl 0303+17", ,5,0.4157, ,3,0.0, ,8.6, ,1.45, ,104.0,-107.2,"Scd",2,21.59,1.01,"cl0303/cl0303dg92_58.fits ",46.5844,17.3054
217,c,"Cl 0303+17", ,4,0.4184, ,3,0.0, ,7.3, ,, ,85.0,-108.4,"Sa/S0",0,21.2,1.59,"cl0303/cl0303dg92_56.fits ",46.5789,17.3051
242,c,"Cl 0303+17", ,29,0.4201, ,3,-19.8, ,, ,1.97, ,206.9,-70.7," ",,,,"cl0303/cl0303ew1_28.fits  ",46.6144,17.3156
219,c,"Cl 0303+17", ,6,0.425, ,2,0.0, ,, ,2.06, ,146.8,-106.4," ",,20.68,1.52,"cl0303/cl0303dg92_60.fits ",46.5969,17.3056
215,c,"Cl 0303+17", ,2,0.4193, ,4,0.0, ,, ,2.48, ,125.1,-108.9," ",,20.97,1.64,"cl0303/cl0303dg92_54.fits ",46.5906,17.3049
216,c,"Cl 0303+17", ,3,0.4202, ,4,0.0, ,, ,1.89, ,131.4,-108.5," ",,21.97,1.75,"cl0303/cl0303dg92_55.fits ",46.5924,17.3051
240,c,"Cl 0303+17", ,27,0.4136, ,3,-30.2, ,, ,1.46, ,161.8,-65.9," ",,21.82,0.84,"cl0303/cl0303ew1_26.fits  ",46.6012,17.3169
241,c,"Cl 0303+17", ,28,0.4281, ,3,0.0, ,, ,1.94, ,179.8,-49.6," ",,,,"cl0303/cl0303ew1_27.fits  ",46.6065,17.3214
214,c,"Cl 0303+17", ,1,0.4162, ,2,-12.1, ,, ,1.66, ,52.0,-133.0," ",,20.32,1.22,"cl0303/cl0303dg92_17.fits ",46.5693,17.2982
220,c,"Cl 0303+17", ,7,0.4173, ,2,-9.7, ,5.7, ,1.46, ,51.7,-103.1,"Sbc?",2,20.93,0.71,"cl0303/cl0303dg92_67.fits ",46.5692,17.3066
256,c,"Cl 0303+17", ,43,0.4163, ,2,-7.9, ,, ,2.05, ,75.3,-97.4,"Sab",1,20.76,1.55,"cl0303/cl0303ns1_14.fits  ",46.5761,17.3081
221,c,"Cl 0303+17", ,8,0.4122, ,2,0.0, ,, ,2.19, ,66.2,-92.0,"Sb/E?",0,20.6,1.51,"cl0303/cl0303dg92_78.fits ",46.5734,17.3096
257,c,"Cl 0303+17", ,44,0.4192,:,3,, ,, ,1.9, ,68.0,-82.5,"Sb",0,21.62,1.54,"cl0303/cl0303ns1_15.fits  ",46.574,17.3123
502,f,"Cl 0303+17", ,52,0.6372, ,1,-32.9, ,0.0, ,2.05, ,-6.3,-88.9," ",,21.2,1.56,"cl0303/cl0303dg92_84.fits ",46.5523,17.3105
223,c,"Cl 0303+17", ,10,0.4193, ,1,-4.2,:,, ,1.98, ,10.3,-68.1,"E",0,20.65,1.5,"cl0303/cl0303dg92_104.fits",46.5572,17.3163
233,c,"Cl 0303+17", ,20,0.4166, ,3,-31.5, ,5.8, ,1.62, ,14.9,-58.8,"Sd",2,21.59,0.61,"cl0303/cl0303ew1_18.fits  ",46.5585,17.3189
234,c,"Cl 0303+17", ,21,0.4018, ,2,-49.8, ,, ,1.51, ,14.9,-58.8,"Sd/S",2,21.59,0.61,"cl0303/cl0303ew1_19.fits  ",46.5585,17.3189
225,c,"Cl 0303+17", ,12,0.4191,:,4,0.0, ,, ,2.48, ,34.2,-41.4,"S0",0,21.94,1.57,"cl0303/cl0303dg92_141.fits",46.5641,17.3237
222,c,"Cl 0303+17", ,9,0.4254, ,3,0.0, ,, ,, ,86.2,-78.8,"D",0,19.52,1.58,"cl0303/cl0303dg92_96.fits ",46.5793,17.3133
224,c,"Cl 0303+17", ,11,0.4232, ,3,-14.0, ,6.3, ,1.44, ,82.9,-64.0,"Sc",1,21.58,0.73,"cl0303/cl0303dg92_111.fits",46.5783,17.3174
258,c,"Cl 0303+17", ,45,0.4194, ,2,, ,3.5,:,2.24, ,82.8,-56.6,"S0/E",0,21.9,1.57,"cl0303/cl0303ns1_18.fits  ",46.5783,17.3195
239,c,"Cl 0303+17", ,26,0.4275,:,3,0.0, ,, ,2.22, ,94.5,-57.1,"Sb",0,21.61,1.69,"cl0303/cl0303ew1_23.fits  ",46.5817,17.3193
503,f,"Cl 0303+17", ,53,0.847, ,3,-49.6, ,0.0, ,1.25, ,105.4,-37.8,"Scd",3,22.6,0.11,"cl0303/cl0303dg92_145.fits",46.5848,17.3247
528,f,"Cl 0303+17", ,78,0.8462, ,2,-33.2, ,0.0, ,0.88, ,105.2,-36.8," ",,22.44,0.11,"cl0303/cl0303ns1_19.fits  ",46.5848,17.325
259,c,"Cl 0303+17", ,46,0.4241, ,3,0.0, ,5.0,:,1.96, ,112.3,-18.0,"Sc",1,21.89,1.65,"cl0303/cl0303ns1_20.fits  ",46.5868,17.3302
238,c,"Cl 0303+17", ,25,0.4175, ,3,0.0, ,14.2,:,1.63, ,82.0,-19.4,"Sc",1,21.81,1.46,"cl0303/cl0303ew1_22.fits  ",46.578,17.3298
237,c,"Cl 0303+17", ,24,0.4024, ,2,-68.9, ,, ,1.15, ,61.7,-22.5,"Irr",2,21.87,0.47,"cl0303/cl0303ew1_21.fits  ",46.5721,17.3289
226,c,"Cl 0303+17", ,13,0.4191, ,2,0.0, ,, ,2.15, ,52.3,-26.8,"E",0,20.53,1.5,"cl0303/cl0303dg92_164.fits",46.5694,17.3277
236,c,"Cl 0303+17", ,23,0.4195, ,3,0.0, ,8.7, ,2.4, ,55.5,-21.7,"Sa",0,21.74,1.41,"cl0303/cl0303ew1_20.fits  ",46.5703,17.3292
227,c,"Cl 0303+17", ,14,0.4211, ,2,0.0, ,, ,2.12, ,59.9,4.0,"S0/E",1,21.05,1.63,"cl0303/cl0303dg92_212.fits",46.5716,17.3363
517,f,"Cl 0303+17", ,67,0.3591, ,1,-21.1, ,2.5, ,1.43, ,115.4,1.7,"Sc",2,19.57,0.6,"cl0303/cl0303ew2_22.fits  ",46.5877,17.3357
529,f,"Cl 0303+17", ,79,0.3703, ,3,0.0, ,0.0, ,1.8, ,113.7,8.3,"E/S0",2,22.23,0.82,"cl0303/cl0303ns1_22.fits  ",46.5873,17.3375
260,c,"Cl 0303+17", ,47,0.4152, ,3,-7.6,:,, ,1.86, ,112.5,29.5," ",,21.91,1.29,"cl0303/cl0303ns1_23.fits  ",46.5869,17.3434
510,f,"Cl 0303+17", ,60,0.7308,:,2,-27.0, ,0.0, ,1.3, ,253.9,-32.8," ",,,,"cl0303/cl0303ew1_30.fits  ",46.6281,17.3261
251,c,"Cl 0303+17", ,38,0.4173, ,3,, ,5.4, ,1.9, ,257.4,41.3," ",,,,"cl0303/cl0303ew2_30.fits  ",46.6291,17.3467
518,f,"Cl 0303+17", ,68,0.1502, ,1,-31.4, ,4.6, ,1.98, ,136.2,13.1," ",,19.65,0.06,"cl0303/cl0303ew2_23.fits  ",46.5938,17.3388
521,f,"Cl 0303+17", ,71,0.3551,:,3,-14.7, ,0.0, ,1.72, ,206.6,26.8," ",,,,"cl0303/cl0303ew2_27.fits  ",46.6143,17.3426
519,f,"Cl 0303+17", ,69,0.5688,:,3,0.0, ,0.0, ,1.86,:,174.3,47.6," ",,22.07,1.21,"cl0303/cl0303ew2_25.fits  ",46.6049,17.3484
520,f,"Cl 0303+17", ,70,0.179, ,2,-19.3, ,0.0, ,2.28, ,193.2,55.9," ",,,,"cl0303/cl0303ew2_26.fits  ",46.6104,17.3507
250,c,"Cl 0303+17", ,37,0.4228, ,1,-3.4, ,3.2, ,1.69, ,162.8,50.2," ",,19.72,1.09,"cl0303/cl0303ew2_24.fits  ",46.6015,17.3491
232,c,"Cl 0303+17", ,19,0.4257, ,3,-45.7, ,, ,1.74, ,-22.8,-22.8,"Sd",2,22.12,0.59,"cl0303/cl0303ew1_15.fits  ",46.5475,17.3289
509,f,"Cl 0303+17", ,59,0.3788,:,4,-73.2, ,0.0, ,1.29, ,-47.8,-19.1," ",,22.63,0.59,"cl0303/cl0303ew1_13.fits  ",46.5403,17.3299
231,c,"Cl 0303+17", ,18,0.416, ,3,, ,9.2,:,2.25, ,-62.3,-27.6," ",,21.11,1.35,"cl0303/cl0303ew1_12.fits  ",46.536,17.3275
513,f,"Cl 0303+17", ,63,0.5402, ,3,-11.1, ,5.9, ,1.49, ,-74.1,-18.6," ",,21.9,1.3,"cl0303/cl0303ew2_11.fits  ",46.5326,17.33
508,f,"Cl 0303+17", ,58,0.3062,:,3,0.0, ,7.0, ,2.16, ,-90.5,-18.3," ",,20.73,1.18,"cl0303/cl0303ew1_10.fits  ",46.5278,17.3301
248,c,"Cl 0303+17", ,35,0.4183, ,3,0.0, ,5.1,:,1.93, ,-43.0,21.1," ",,21.83,0.77,"cl0303/cl0303ew2_19.fits  ",46.5417,17.3411
247,c,"Cl 0303+17", ,34,0.4018, ,2,-80.3, ,, ,1.25, ,29.3,-13.9,"Irr",4,22.93,0.25,"cl0303/cl0303ew2_16.fits  ",46.5627,17.3313
229,c,"Cl 0303+17", ,16,0.4055, ,3,-32.8, ,, ,1.18, ,30.6,14.1,"Sd",4,21.44,0.63,"cl0303/cl0303dg92_224.fits",46.5631,17.3391
514,f,"Cl 0303+17", ,64,0.656, ,2,-27.6, ,8.0, ,1.22, ,42.8,21.1," ",,21.83,0.77,"cl0303/cl0303ew2_17.fits  ",46.5666,17.3411
515,f,"Cl 0303+17", ,65,0.6566, ,2,-19.5, ,3.0,:,1.41, ,47.0,20.8,"Sc",2,21.58,0.59,"cl0303/cl0303ew2_18.fits  ",46.5678,17.341
245,c,"Cl 0303+17", ,32,0.4185, ,2,-12.6, ,, ,2.22, ,0.0,0.0,"D",0,19.85,1.61,"cl0303/cl0303ew2_14.fits  ",46.5542,17.3352
228,c,"Cl 0303+17", ,15,0.4181, ,2,0.0, ,, ,2.17, ,6.7,12.4,"E",0,20.25,1.61,"cl0303/cl0303dg92_223.fits",46.5561,17.3386
246,c,"Cl 0303+17", ,33,0.4155, ,2,-8.8,:,2.7, ,1.97, ,11.1,16.0,"Sbc",1,21.73,1.69,"cl0303/cl0303ew2_15.fits  ",46.5574,17.3396
230,c,"Cl 0303+17", ,17,0.4179, ,4,, ,, ,1.83, ,79.3,32.2," ",,20.12,1.24,"cl0303/cl0303dg92_243.fits",46.5772,17.3441
249,c,"Cl 0303+17", ,36,0.4159, ,2,-8.0, ,3.4, ,1.75, ,79.3,32.2," ",,20.12,1.24,"cl0303/cl0303ew2_20.fits  ",46.5772,17.3441
504,f,"Cl 0303+17", ,54,0.3598, ,2,0.0, ,0.0, ,1.84, ,71.4,52.2," ",,20.97,0.97,"                          ",46.5749,17.3497
244,c,"Cl 0303+17", ,31,0.4175, ,2,-5.7, ,4.5,:,1.62, ,-22.1,29.5,"Sc",0,21.14,1.17,"cl0303/cl0303ew2_12.fits  ",46.5477,17.3434
523,f,"Cl 0303+17", ,73,0.3055, ,2,-21.6, ,3.3, ,1.82, ,-145.4,21.9," ",,,,"cl0303/cl0303ew2_6.fits   ",46.5119,17.3413
526,f,"Cl 0303+17", ,76,0.5863,:,3,0.0, ,0.0, ,1.63, ,-79.6,24.4," ",,22.38,1.73,"cl0303/cl0303ew2_9.fits   ",46.531,17.342
525,f,"Cl 0303+17", ,75,0.3058, ,3,-15.1, ,8.3,:,1.27, ,-97.0,40.5," ",,23.21,0.03,"cl0303/cl0303ew2_8.fits   ",46.5259,17.3464
524,f,"Cl 0303+17", ,74,0.3072, ,2,-31.5, ,8.6, ,1.29, ,-119.8,54.0," ",,22.0,0.35,"cl0303/cl0303ew2_7.fits   ",46.5193,17.3502
522,f,"Cl 0303+17", ,72,0.2629,:,4,0.0, ,0.0, ,, ,-180.7,24.2," ",,,,"cl0303/cl0303ew2_4.fits   ",46.5016,17.3419
530,f,"Cl 0303+17", ,80,0.3581, ,1,-22.3, ,2.2, ,1.81, ,98.0,59.0," ",,20.97,0.97,"cl0303/cl0303ns1_24.fits  ",46.5827,17.3516
531,f,"Cl 0303+17", ,81,0.5245, ,1,0.0, ,0.0, ,2.09, ,68.9,78.3," ",,21.24,1.79,"cl0303/cl0303ns1_25.fits  ",46.5742,17.3569
261,c,"Cl 0303+17", ,48,0.4164, ,2,, ,4.6, ,1.67, ,81.9,99.8," ",,21.3,1.08,"cl0303/cl0303ns1_26.fits  ",46.578,17.3629
262,c,"Cl 0303+17", ,49,0.4338, ,2,-9.5, ,, ,1.21, ,67.0,115.7," ",,21.31,0.27,"cl0303/cl0303ns1_27.fits  ",46.5737,17.3673
505,f,"Cl 0303+17", ,55,0.0645, ,3,0.0, ,, ,, ,67.0,115.7," ",,21.31,0.27,"cl0303/cl0303dg92_343.fits",46.5737,17.3673
506,f,"Cl 0303+17", ,56,0.1828, ,1,0.0, ,3.9, ,, ,19.4,118.1," ",,20.51,0.05,"cl0303/cl0303dg92_345.fits",46.5598,17.368
516,f,"Cl 0303+17", ,66,0.1936, ,2,-22.6, ,0.0, ,2.16, ,-227.4,60.4," ",,,,"cl0303/cl0303ew2_2.fits   ",46.488,17.352
512,f,"Cl 0303+17", ,62,0.5851, ,2,-13.7, ,4.0, ,2.12, ,-258.5,35.1," ",,,,"cl0303/cl0303ew2_1.fits   ",46.4789,17.3449
327,c,"Cl 0939+47", ,53,0.417,:,4,, ,, ,, ,28.5,-235.7," ",,19.88,0.62,"cl0939/cl0939maa_9.fits   ",145.7458,46.921
585,f,"Cl 0939+47", ,108,0.431,:,4,, ,, ,, ,38.2,-208.4," ",,,,"cl0939/cl0939maa_12.fits  ",145.7498,46.9286
326,c,"Cl 0939+47", ,52,0.4066, ,4,-36.1, ,, ,1.51, ,95.6,-153.4," ",,,,"cl0939/cl0939maa_8.fits   ",145.7731,46.9438
549,f,"Cl 0939+47", ,72,0.6505, ,3,-64.5, ,4.2, ,1.86, ,65.8,-149.6," ",,21.51,1.46,"cl0939/cl0939dg92_71.fits ",145.761,46.9449
344,c,"Cl 0939+47",+,70,0.4009, ,2,0.0, ,, ,2.47, ,67.5,-145.2,"E/S0",1,21.16,1.46,"cl0939/cl0939dg92_80.fits ",145.7617,46.9461
550,f,"Cl 0939+47", ,73,0.3577, ,2,0.0, ,0.0, ,1.66, ,75.1,-125.6," ",,21.38,0.85,"cl0939/cl0939dg92_103.fits",145.7648,46.9516
609,f,"Cl 0939+47",+,132,0.6513, ,3,-17.6, ,0.0, ,1.44, ,69.0,-122.8,"Sd",2,21.54,0.97,"cl0939/cl0939wa3_6.fits   ",145.7623,46.9523
599,f,"Cl 0939+47", ,122,0.1895, ,1,-55.0, ,0.0, ,1.33, ,64.6,-103.9,"Sb/E?",2,21.16,0.28,"cl0939/cl0939wa1_6.fits   ",145.7605,46.9576
603,f,"Cl 0939+47", ,126,0.2867, ,2,-10.0, ,0.0, ,1.32, ,192.1,-148.0," ",,21.86,0.8,"cl0939/cl0939wa2_12.fits  ",145.8124,46.9453
596,f,"Cl 0939+47", ,119,0.6479, ,2,-6.7, ,5.0, ,1.33, ,162.7,-124.0," ",,21.81,1.19,"cl0939/cl0939wa1_11.fits  ",145.8005,46.952
309,c,"Cl 0939+47", ,35,0.4049, ,2,0.0, ,, ,1.81, ,238.0,-69.0," ",,,,"cl0939/cl0939ewb_35.fits  ",145.8311,46.9673
566,f,"Cl 0939+47", ,89,0.5669, ,3,-24.0, ,0.0, ,1.55, ,222.0,-41.5," ",,21.67,1.43,"cl0939/cl0939ewb_34.fits  ",145.8246,46.9749
580,f,"Cl 0939+47", ,103,0.6524, ,2,-45.8, ,0.0, ,1.07, ,234.6,-31.3," ",,,,"cl0939/cl0939ewf_34.fits  ",145.8297,46.9778
345,c,"Cl 0939+47",+,71,0.3978, ,3,0.0, ,, ,2.75, ,105.7,-118.9,"Sa",0,21.6,1.64,"                          ",145.7772,46.9534
564,f,"Cl 0939+47", ,87,0.3629, ,4,0.0, ,0.0, ,2.33, ,153.6,-86.8," ",,21.78,1.11,"cl0939/cl0939ewb_31.fits  ",145.7968,46.9623
595,f,"Cl 0939+47", ,118,0.7589, ,4,-31.0, ,0.0, ,1.23, ,135.4,-74.6," ",,22.37,1.38,"cl0939/cl0939wa1_10.fits  ",145.7893,46.9657
577,f,"Cl 0939+47", ,100,0.0605,:,2,, ,0.0, ,1.5, ,145.3,-69.5," ",,21.77,0.24,"cl0939/cl0939ewf_28.fits  ",145.7934,46.9671
275,c,"Cl 0939+47", ,1,0.4123, ,4,0.0, ,, ,, ,85.3,-105.8,"Sbc",1,20.69,1.16,"                          ",145.7689,46.9571
276,c,"Cl 0939+47", ,2,0.4018, ,4,0.0, ,, ,1.68, ,88.4,-96.6,"SBab",0,21.17,1.03,"cl0939/cl0939dg92_150.fits",145.7702,46.9596
280,c,"Cl 0939+47", ,6,0.4099,:,4,0.0, ,, ,2.02, ,116.5,-59.8,"Sd",3,21.45,1.27,"cl0939/cl0939dg92_225.fits",145.7816,46.9698
325,c,"Cl 0939+47", ,51,0.4006, ,1,0.0, ,, ,1.92, ,67.9,-75.8,"S0",0,21.14,1.48,"cl0939/cl0939maa_23.fits  ",145.7619,46.9654
591,f,"Cl 0939+47", ,114,0.2705, ,3,0.0, ,, ,2.45, ,80.8,-75.9,"Sc",2,21.66,0.68,"cl0939/cl0939nsb_4.fits   ",145.7671,46.9654
551,f,"Cl 0939+47", ,74,0.4581, ,2,0.0, ,0.0, ,2.01, ,87.3,-56.3,"SBb",1,20.42,1.46,"cl0939/cl0939dg92_234.fits",145.7698,46.9708
573,f,"Cl 0939+47", ,96,0.4949, ,1,-46.3, ,0.0, ,1.53, ,99.2,-53.6,"Scd",0,,,"cl0939/cl0939ewf_24.fits  ",145.7746,46.9716
592,f,"Cl 0939+47", ,115,0.6595, ,3,0.0, ,11.4,:,1.97, ,116.6,-49.9,"S0",0,21.58,1.65,"cl0939/cl0939nsb_5.fits   ",145.7817,46.9726
575,f,"Cl 0939+47", ,98,0.468, ,1,-33.1, ,3.5, ,1.57, ,124.5,-7.7,"Sc",2,,,"cl0939/cl0939ewf_26.fits  ",145.7849,46.9843
605,f,"Cl 0939+47", ,128,0.7115, ,3,-22.0, ,0.0, ,1.27, ,197.5,-59.5," ",,22.18,0.84,"cl0939/cl0939wa3_13.fits  ",145.8146,46.9699
597,f,"Cl 0939+47", ,120,0.2829, ,2,-9.0, ,4.3, ,1.57, ,195.6,-47.9," ",,,,"                          ",145.8139,46.9731
578,f,"Cl 0939+47", ,101,1.078,:,2,-73.7, ,0.0, ,, ,179.8,-51.9," ",,21.99,0.44,"cl0939/cl0939ewf_31.fits  ",145.8074,46.972
598,f,"Cl 0939+47", ,121,0.309, ,2,-13.4, ,0.0, ,1.46, ,194.0,-48.2," ",,21.08,0.91,"                          ",145.8132,46.9731
565,f,"Cl 0939+47", ,88,0.4839, ,2,0.0, ,0.0, ,1.88, ,208.0,-46.6," ",,21.75,1.63,"cl0939/cl0939ewb_33.fits  ",145.8189,46.9735
341,c,"Cl 0939+47", ,67,0.4013, ,3,-5.4, ,0.0, ,1.51, ,218.6,-20.0," ",,21.15,1.07,"cl0939/cl0939wa3_14.fits  ",145.8232,46.9809
606,f,"Cl 0939+47", ,129,0.4013, ,3,-5.4, ,0.0, ,1.51, ,218.6,-20.0," ",,21.15,1.07,"cl0939/cl0939wa3_14.fits  ",145.8232,46.9809
579,f,"Cl 0939+47", ,102,0.3268, ,3,-39.0, ,0.0, ,1.61, ,212.6,14.0," ",,22.22,0.98,"cl0939/cl0939ewf_32.fits  ",145.8208,46.9903
604,f,"Cl 0939+47", ,127,0.3261, ,1,-53.0, ,0.0, ,1.41, ,211.6,13.4," ",,22.22,0.98,"cl0939/cl0939wa2_13.fits  ",145.8204,46.9902
343,c,"Cl 0939+47", ,69,0.4131, ,1,0.0, ,4.2, ,1.59, ,178.5,-12.3," ",,20.7,1.4,"cl0939/cl0939wa4_12.fits  ",145.8069,46.983
601,f,"Cl 0939+47", ,124,0.3564, ,1,-13.5, ,0.0, ,1.45, ,181.7,2.7," ",,20.65,0.97,"                          ",145.8082,46.9872
602,f,"Cl 0939+47", ,125,0.3552, ,2,-69.0, ,0.0, ,1.39, ,178.5,2.2," ",,,,"                          ",145.8069,46.9871
308,c,"Cl 0939+47", ,34,0.4055, ,1,0.0, ,9.2, ,1.66, ,177.3,46.2," ",,20.52,1.23,"cl0939/cl0939ewb_32.fits  ",145.8064,46.9993
317,c,"Cl 0939+47", ,43,0.3879, ,4,-9.5, ,3.2, ,, ,-44.5,-167.0," ",,,,"cl0939/cl0939ewf_15.fits  ",145.7161,46.9401
277,c,"Cl 0939+47", ,3,0.4146, ,2,0.0, ,, ,2.07, ,6.0,-91.4," ",,20.49,1.59,"cl0939/cl0939dg92_157.fits",145.7367,46.9611
278,c,"Cl 0939+47", ,4,0.4052, ,4,0.0, ,, ,1.7, ,7.5,-83.4," ",,21.57,1.31,"cl0939/cl0939dg92_174.fits",145.7373,46.9633
342,c,"Cl 0939+47", ,68,0.4093, ,3,-57.5, ,, ,1.33, ,33.1,-104.0,"Sb",,22.72,0.5,"cl0939/cl0939wa3_4.fits   ",145.7477,46.9576
320,c,"Cl 0939+47", ,46,0.4121, ,3,-11.9, ,, ,1.67, ,37.6,-81.5," ",,22.25,0.78,"cl0939/cl0939ewf_20.fits  ",145.7495,46.9638
340,c,"Cl 0939+47", ,66,0.4076, ,2,-24.6, ,4.6, ,1.29, ,41.4,-37.0,"E",0,22.38,0.7,"cl0939/cl0939wa2_4.fits   ",145.7511,46.9762
338,c,"Cl 0939+47", ,64,0.3985, ,1,0.0, ,2.2, ,1.95, ,-9.5,-75.9,"Sa",,19.97,1.52,"cl0939/cl0939wa1_2.fits   ",145.7303,46.9654
607,f,"Cl 0939+47", ,130,0.3253, ,2,-42.0, ,3.5, ,1.29, ,-15.2,-47.5," ",,22.02,0.4,"cl0939/cl0939wa4_1.fits   ",145.728,46.9733
279,c,"Cl 0939+47", ,5,0.4084, ,2,-16.6, ,2.6, ,1.35, ,9.3,-65.5," ",,20.68,0.45,"cl0939/cl0939dg92_214.fits",145.738,46.9682
562,f,"Cl 0939+47", ,85,0.6421, ,1,-15.9, ,4.4, ,1.22, ,5.2,-51.2," ",,20.45,0.87,"cl0939/cl0939ewb_21.fits  ",145.7363,46.9722
281,c,"Cl 0939+47", ,7,0.4103, ,4,0.0, ,, ,2.3, ,-2.4,-36.8,"E/S0",1,20.72,1.5,"cl0939/cl0939dg92_279.fits",145.7332,46.9762
329,c,"Cl 0939+47", ,55,0.4173, ,2,-84.2, ,, ,1.31, ,-9.1,-35.5," ",,,,"cl0939/cl0939mad_27.fits  ",145.7305,46.9766
588,f,"Cl 0939+47", ,111,0.3324, ,3,0.0, ,0.0, ,1.89, ,-11.1,-30.1,"Sab",1,19.98,1.27,"cl0939/cl0939maa_27.fits  ",145.7297,46.9781
608,f,"Cl 0939+47", ,131,0.524,:,4,0.0, ,0.0, ,1.35, ,5.3,-22.5,"Scd",3,21.16,0.63,"cl0939/cl0939wa4_2.fits   ",145.7364,46.9802
282,c,"Cl 0939+47", ,8,0.4007, ,2,0.0, ,4.2, ,1.75, ,12.4,-22.3,"Sa/S0",1,19.06,1.33,"cl0939/cl0939dg92_311.fits",145.7393,46.9802
284,c,"Cl 0939+47", ,10,0.4058, ,2,-26.1, ,, ,1.24, ,3.3,-12.8,"Sbc",2,21.15,0.37,"cl0939/cl0939dg92_336.fits",145.7356,46.9829
286,c,"Cl 0939+47", ,12,0.4109, ,1,0.0, ,, ,1.9, ,18.1,0.1,"E",0,19.65,1.61,"cl0939/cl0939dg92_366.fits",145.7416,46.9865
569,f,"Cl 0939+47", ,92,0.3692, ,3,-14.2, ,0.0, ,1.74, ,-85.8,-88.1," ",,,,"cl0939/cl0939ewf_12.fits  ",145.6993,46.962
669,f,"Cl 0939+47", ,133,0.0, ,1,, ,, ,, ,-80.9,-58.1," ",,,,"cl0939/cl0939ewb_16.fits  ",145.7013,46.9703
583,f,"Cl 0939+47", ,106,0.4954, ,3,-44.5, ,0.0, ,1.35, ,-158.2,-63.8," ",,,,"cl0939/cl0939ewf_7.fits   ",145.6698,46.9687
324,c,"Cl 0939+47", ,50,0.3996, ,2,0.0, ,, ,1.92, ,-147.6,-64.7," ",,,,"cl0939/cl0939ewf_8.fits   ",145.6741,46.9685
300,c,"Cl 0939+47", ,26,0.4045, ,3,0.0, ,, ,2.29, ,-145.6,-46.2," ",,,,"cl0939/cl0939ewb_10.fits  ",145.6749,46.9736
559,f,"Cl 0939+47", ,82,0.6497, ,2,-7.0, ,3.7, ,1.69, ,-121.4,-55.6," ",,,,"cl0939/cl0939ewb_11.fits  ",145.6848,46.971
568,f,"Cl 0939+47", ,91,0.6531, ,3,-25.7, ,0.0, ,1.07, ,-96.0,-8.6," ",,,,"cl0939/cl0939ewf_11.fits  ",145.6951,46.9841
301,c,"Cl 0939+47", ,27,0.407, ,1,0.0, ,3.1, ,2.1, ,-112.9,-15.7," ",,,,"cl0939/cl0939ewb_13.fits  ",145.6882,46.9821
560,f,"Cl 0939+47", ,83,0.5169, ,2,-10.7, ,5.9, ,1.39, ,-116.0,-13.7," ",,,,"cl0939/cl0939ewb_12.fits  ",145.687,46.9826
670,f,"Cl 0939+47", ,134,0.0, ,1,, ,, ,2.82, ,-55.0,-58.4," ",,,,"cl0939/cl0939ewb_17.fits  ",145.7118,46.9702
316,c,"Cl 0939+47", ,42,0.4074, ,3,0.0, ,, ,1.98, ,-59.6,-46.2," ",,,,"cl0939/cl0939ewf_14.fits  ",145.7099,46.9736
315,c,"Cl 0939+47", ,41,0.411, ,3,0.0, ,5.4, ,1.8, ,-75.5,-33.6," ",,,,"cl0939/cl0939ewf_13.fits  ",145.7035,46.9771
303,c,"Cl 0939+47", ,29,0.4027, ,2,0.0, ,3.4, ,2.53, ,-37.1,-2.3," ",,,,"cl0939/cl0939ewb_18.fits  ",145.7191,46.9858
600,f,"Cl 0939+47", ,123,0.0957, ,3,0.0, ,0.0, ,1.39, ,-14.1,-23.5," ",,22.32,0.33,"cl0939/cl0939wa2_1.fits   ",145.7285,46.9799
285,c,"Cl 0939+47", ,11,0.4116, ,2,0.0, ,, ,2.38, ,4.8,-2.9," ",,19.95,1.6,"cl0939/cl0939dg92_360.fits",145.7362,46.9856
287,c,"Cl 0939+47", ,13,0.4037, ,1,0.0, ,, ,2.32, ,0.0,0.0,"E",0,19.66,1.63,"cl0939/cl0939dg92_367.fits",145.7342,46.9864
339,c,"Cl 0939+47", ,65,0.4007, ,2,0.0, ,1.2, ,2.09, ,6.3,15.8,"S0",0,21.41,1.6,"cl0939/cl0939wa2_2.fits   ",145.7368,46.9908
332,c,"Cl 0939+47", ,58,0.4038, ,3,0.0, ,2.8,:,1.9, ,-11.0,10.6,"Sb",1,20.78,1.34,"cl0939/cl0939mba_28.fits  ",145.7297,46.9894
318,c,"Cl 0939+47", ,44,0.3939, ,4,-12.1, ,5.6, ,2.53, ,-27.6,12.0," ",,,,"cl0939/cl0939ewf_16.fits  ",145.723,46.9898
289,c,"Cl 0939+47", ,15,0.4065, ,3,0.0, ,0.0, ,2.28, ,-5.5,20.1,"Sa/S0",1,20.39,1.53,"cl0939/cl0939dg92_422.fits",145.732,46.992
292,c,"Cl 0939+47", ,18,0.4076, ,1,0.0, ,6.1, ,1.55, ,-3.6,27.3,"Scd?",2,18.79,1.15,"cl0939/cl0939dg92_439.fits",145.7327,46.994
319,c,"Cl 0939+47", ,45,0.4097, ,1,-4.3, ,7.2, ,1.98, ,-10.3,25.6,"Sd",1,21.41,1.0,"cl0939/cl0939ewf_17.fits  ",145.73,46.9936
304,c,"Cl 0939+47", ,30,0.4062, ,3,0.0, ,3.8,:,2.65, ,-26.2,49.2," ",,21.62,1.53,"cl0939/cl0939ewb_19.fits  ",145.7235,47.0001
567,f,"Cl 0939+47", ,90,0.4972,:,2,-15.8, ,0.0, ,1.13,:,-289.3,-99.8," ",,,,"cl0939/cl0939ewf_1.fits   ",145.6164,46.9587
311,c,"Cl 0939+47", ,37,0.4014,:,4,0.0, ,, ,2.04, ,-215.8,-77.0," ",,,,"cl0939/cl0939ewb_6.fits   ",145.6463,46.9651
305,c,"Cl 0939+47", ,31,0.4065, ,2,-6.9, ,, ,1.63, ,-285.0,-67.0," ",,,,"cl0939/cl0939ewb_2.fits   ",145.6182,46.9678
310,c,"Cl 0939+47", ,36,0.4016, ,3,0.0, ,8.5, ,2.02, ,-232.6,-70.4," ",,,,"cl0939/cl0939ewb_5.fits   ",145.6395,46.9669
323,c,"Cl 0939+47", ,49,0.4073, ,3,0.0, ,, ,1.92, ,-224.6,-1.4," ",,,,"cl0939/cl0939ewf_4.fits   ",145.6428,46.9861
558,f,"Cl 0939+47", ,81,0.0657,:,3,, ,, ,, ,-300.4,-48.2," ",,,,"cl0939/cl0939ewb_1.fits   ",145.6119,46.9731
570,f,"Cl 0939+47", ,93,0.6494, ,2,0.0, ,0.0, ,1.97, ,-266.2,57.6," ",,,,"cl0939/cl0939ewf_2.fits   ",145.6258,47.0024
563,f,"Cl 0939+47", ,86,0.3113, ,2,-28.9, ,0.0, ,1.96, ,-254.8,63.0," ",,,,"cl0939/cl0939ewb_3.fits   ",145.6305,47.0039
313,c,"Cl 0939+47", ,39,0.41, ,1,-21.6, ,, ,1.77, ,-155.6,-41.6," ",,,,"cl0939/cl0939ewb_9.fits   ",145.6708,46.9749
581,f,"Cl 0939+47", ,104,0.4415,:,4,0.0, ,0.0, ,1.73, ,-191.5,-41.0," ",,,,"cl0939/cl0939ewf_5.fits   ",145.6562,46.9751
314,c,"Cl 0939+47", ,40,0.3999, ,2,0.0, ,10.6, ,2.06, ,-120.8,19.4," ",,,,"cl0939/cl0939ewf_10.fits  ",145.685,46.9918
582,f,"Cl 0939+47", ,105,0.6496, ,2,-3.2, ,0.0, ,1.88, ,-173.6,-2.3," ",,,,"cl0939/cl0939ewf_6.fits   ",145.6635,46.9858
672,f,"Cl 0939+47", ,136,0.0, ,1,, ,, ,, ,-189.2,39.6," ",,,,"cl0939/cl0939ewb_7.fits   ",145.6572,46.9974
584,f,"Cl 0939+47", ,107,0.9385,:,3,0.0, ,0.0, ,1.15, ,-130.2,53.3," ",,,,"cl0939/cl0939ewf_9.fits   ",145.6812,47.0012
312,c,"Cl 0939+47", ,38,0.4051, ,2,0.0, ,, ,2.3, ,-171.6,42.2," ",,,,"cl0939/cl0939ewb_8.fits   ",145.6643,46.9982
561,f,"Cl 0939+47", ,84,0.5808, ,2,-59.3, ,0.0, ,1.77, ,-94.1,50.2," ",,,,"cl0939/cl0939ewb_15.fits  ",145.6959,47.0004
302,c,"Cl 0939+47", ,28,0.4032, ,2,0.0, ,, ,2.38, ,-99.5,49.9," ",,,,"cl0939/cl0939ewb_14.fits  ",145.6937,47.0003
671,f,"Cl 0939+47", ,135,0.0, ,1,, ,, ,, ,-241.4,51.9," ",,,,"cl0939/cl0939ewb_4.fits   ",145.6359,47.0009
322,c,"Cl 0939+47", ,48,0.3992, ,2,-50.1, ,7.4, ,2.16, ,-236.3,59.3," ",,,,"cl0939/cl0939ewf_3.fits   ",145.638,47.0029
552,f,"Cl 0939+47", ,75,0.2824, ,2,0.0, ,0.0, ,1.67, ,50.5,-40.8,"Sbc",1,19.57,0.83,"cl0939/cl0939dg92_270.fits",145.7548,46.9751
321,c,"Cl 0939+47", ,47,0.4059, ,2,-7.3, ,11.0, ,1.66, ,51.1,-30.0,"Sd",2,21.54,0.8,"cl0939/cl0939ewf_21.fits  ",145.755,46.9781
571,f,"Cl 0939+47", ,94,0.4575, ,1,-27.8, ,5.9, ,1.61, ,66.1,-14.3,"Sd?",2,,,"cl0939/cl0939ewf_22.fits  ",145.7611,46.9825
336,c,"Cl 0939+47", ,62,0.4165, ,2,-12.7, ,8.2, ,1.51, ,72.5,1.3,"Sbc",2,21.35,0.65,"cl0939/cl0939nsb_7.fits   ",145.7637,46.9868
330,c,"Cl 0939+47", ,56,0.4108, ,2,0.0, ,, ,1.98, ,107.3,-22.4,"E",0,20.7,1.57,"cl0939/cl0939mba_16.fits  ",145.7779,46.9802
593,f,"Cl 0939+47", ,116,0.2432, ,2,-43.5, ,, ,1.87, ,103.8,-20.3,"Scd",2,20.81,0.42,"cl0939/cl0939nsb_6.fits   ",145.7765,46.9808
586,f,"Cl 0939+47", ,109,0.4568, ,3,0.0, ,, ,1.78, ,108.7,4.7,"Sb",2,21.42,1.52,"cl0939/cl0939maa_20.fits  ",145.7785,46.9877
576,f,"Cl 0939+47", ,99,0.6929,:,4,-91.4, ,0.0, ,, ,128.8,12.0,"S0/E",1,,,"cl0939/cl0939ewf_27.fits  ",145.7867,46.9898
555,f,"Cl 0939+47", ,78,0.2803, ,1,0.0, ,0.0, ,1.96, ,120.9,11.6,"S0",1,19.53,1.2,"cl0939/cl0939dg92_396.fits",145.7834,46.9897
290,c,"Cl 0939+47", ,16,0.4018, ,2,0.0, ,, ,2.09, ,130.4,22.5,"E",0,20.38,1.58,"cl0939/cl0939dg92_427.fits",145.7873,46.9927
553,f,"Cl 0939+47", ,76,0.2816, ,2,0.0, ,0.0, ,2.03, ,93.8,-6.7,"S0",0,20.44,1.09,"cl0939/cl0939dg92_349.fits",145.7724,46.9846
556,f,"Cl 0939+47", ,79,0.4577, ,1,0.0, ,0.0, ,1.97, ,104.0,12.1,"E/S0",1,20.42,1.74,"cl0939/cl0939dg92_398.fits",145.7766,46.9898
557,f,"Cl 0939+47", ,80,2.0531, ,1,, ,, ,, ,115.6,28.1,"X",0,21.35,-0.04,"cl0939/cl0939dg92_440.fits",145.7813,46.9943
574,f,"Cl 0939+47", ,97,0.7083,:,3,-16.4, ,0.0, ,1.02, ,112.3,33.6,"Sc?",3,,,"cl0939/cl0939ewf_25.fits  ",145.7799,46.9958
283,c,"Cl 0939+47", ,9,0.4111, ,1,0.0, ,8.6, ,1.68, ,39.7,-19.2,"Sc",3,20.47,1.06,"cl0939/cl0939dg92_320.fits",145.7504,46.9811
288,c,"Cl 0939+47", ,14,0.4014, ,2,0.0, ,4.6, ,2.36, ,67.3,11.2,"E",0,20.4,1.68,"cl0939/cl0939dg92_393.fits",145.7616,46.9896
554,f,"Cl 0939+47", ,77,0.5087, ,2,0.0, ,0.0, ,2.32, ,64.0,11.1,"S0/Sb",0,21.51,1.31,"cl0939/cl0939dg92_392.fits",145.7603,46.9895
337,c,"Cl 0939+47", ,63,0.407,:,3,0.0, ,, ,1.74, ,43.2,15.6,"Scd",0,21.67,1.15,"cl0939/cl0939nsb_8.fits   ",145.7518,46.9908
587,f,"Cl 0939+47", ,110,0.3607, ,3,-7.3, ,0.0, ,1.59, ,53.5,19.3,"Sbc",1,21.06,0.99,"cl0939/cl0939maa_26.fits  ",145.756,46.9918
328,c,"Cl 0939+47", ,54,0.4139, ,2,-2.3,:,2.5,:,1.86, ,53.3,24.6,"S0",0,20.67,1.56,"cl0939/cl0939mad_26.fits  ",145.7559,46.9933
331,c,"Cl 0939+47", ,57,0.4167, ,3,0.0, ,, ,1.88, ,53.0,26.4,"S0/a",0,20.44,1.49,"cl0939/cl0939mba_25.fits  ",145.7558,46.9938
293,c,"Cl 0939+47", ,19,0.4144, ,4,0.0, ,4.1,:,1.82, ,86.4,28.4,"Sab",0,21.27,1.55,"cl0939/cl0939dg92_441.fits",145.7694,46.9943
295,c,"Cl 0939+47", ,21,0.4061, ,1,0.0, ,, ,2.24, ,91.3,38.0,"E",0,19.91,1.73,"cl0939/cl0939dg92_460.fits",145.7714,46.997
572,f,"Cl 0939+47", ,95,0.4959, ,2,-45.1, ,0.0, ,1.27, ,83.5,33.3,"Scd",2,,,"cl0939/cl0939ewf_23.fits  ",145.7682,46.9957
296,c,"Cl 0939+47", ,22,0.3933, ,3,0.0, ,, ,2.14, ,80.1,46.4," ",,20.85,1.51,"cl0939/cl0939dg92_491.fits",145.7668,46.9993
307,c,"Cl 0939+47", ,33,0.4116, ,3,0.0, ,, ,2.37, ,143.8,55.4," ",,21.33,1.63,"cl0939/cl0939ewb_30.fits  ",145.7928,47.0018
291,c,"Cl 0939+47", ,17,0.4016, ,3,0.0, ,, ,2.23, ,15.3,25.8,"Sbc",3,21.63,1.23,"cl0939/cl0939dg92_434.fits",145.7404,46.9936
294,c,"Cl 0939+47", ,20,0.4125, ,2,0.0, ,11.6,:,1.56, ,15.0,32.7,"Sd",3,20.71,0.86,"cl0939/cl0939dg92_451.fits",145.7403,46.9955
306,c,"Cl 0939+47", ,32,0.4119, ,1,-6.9, ,10.2, ,1.62, ,20.6,40.4,"Sd",2,20.67,0.89,"cl0939/cl0939ewb_22.fits  ",145.7426,46.9977
298,c,"Cl 0939+47", ,24,0.4075, ,2,0.0, ,9.2, ,1.51, ,38.9,53.9," ",,20.63,1.14,"cl0939/cl0939dg92_511.fits",145.75,47.0014
297,c,"Cl 0939+47", ,23,0.4042, ,4,0.0, ,3.6,:,2.25, ,21.7,51.9," ",,21.81,1.26,"cl0939/cl0939dg92_504.fits",145.743,47.0009
299,c,"Cl 0939+47", ,25,0.4027, ,2,0.0, ,, ,2.01, ,7.1,56.8," ",,20.77,1.66,"cl0939/cl0939dg92_519.fits",145.7371,47.0022
334,c,"Cl 0939+47", ,60,0.4056, ,3,0.0, ,, ,2.26, ,67.3,114.6," ",,,,"cl0939/cl0939nsb_11.fits  ",145.7616,47.0183
589,f,"Cl 0939+47", ,112,0.3341, ,3,-36.3, ,, ,2.01, ,67.0,114.3," ",,,,"cl0939/cl0939nsb_13.fits  ",145.7615,47.0182
673,f,"Cl 0939+47", ,137,0.0, ,3,, ,, ,, ,75.2,133.1," ",,,,"cl0939/cl0939nsb_12.fits  ",145.7648,47.0234
594,f,"Cl 0939+47", ,117,0.3442,:,3,-15.3, ,12.1,:,2.69, ,12.8,82.9," ",,,,"cl0939/cl0939nsb_9.fits   ",145.7394,47.0095
333,c,"Cl 0939+47", ,59,0.3972, ,1,0.0, ,, ,0.86, ,-10.3,97.8," ",,,,"cl0939/cl0939nsb_10.fits  ",145.73,47.0136
590,f,"Cl 0939+47", ,113,0.6504, ,3,0.0, ,, ,1.73, ,22.5,238.3," ",,,,"cl0939/cl0939nsb_17.fits  ",145.7434,47.0526
335,c,"Cl 0939+47", ,61,0.4005, ,3,-11.5, ,, ,1.78, ,18.5,262.2," ",,,,"cl0939/cl0939nsb_18.fits  ",145.7417,47.0593
352,c,"Cl 1447+26", ,7,0.3797, ,2,-8.3, ,2.2,:,1.58, ,-1.6,-174.8," ",,,,"cl1447/cl1447wa1_1.fits   ",222.3716,26.0826
359,c,"Cl 1447+26", ,14,0.3637, ,2,0.0, ,, ,2.07, ,-5.1,-139.3," ",,20.16,1.28,"cl1447/cl1447wa1_3a.fits  ",222.3705,26.0924
360,c,"Cl 1447+26", ,15,0.3621, ,2,-3.1, ,, ,1.83, ,-4.5,-133.0," ",,20.36,0.95,"cl1447/cl1447wa1_3b.fits  ",222.3707,26.0942
358,c,"Cl 1447+26", ,13,0.3765, ,2,0.0, ,2.2, ,2.03, ,-38.3,-153.5," ",,19.88,1.47,"cl1447/cl1447wa1_2.fits   ",222.3602,26.0885
616,f,"Cl 1447+26", ,28,0.0624, ,2,0.0, ,4.2, ,1.93, ,-17.2,-63.7,"Sm/Irr",2,19.91,0.26,"cl1447/cl1447wa1_4.fits   ",222.3668,26.1134
364,c,"Cl 1447+26", ,19,0.3821, ,3,-11.6, ,, ,1.42, ,80.7,-9.5," ",,21.52,0.76,"cl1447/cl1447wa1_7.fits   ",222.3971,26.1285
365,c,"Cl 1447+26", ,20,0.3839, ,2,-12.7, ,6.1, ,1.42, ,75.2,1.5," ",,19.79,0.74,"cl1447/cl1447wa1_8.fits   ",222.3954,26.1315
613,f,"Cl 1447+26", ,25,0.1181, ,2,0.0, ,0.0, ,, ,134.2,60.4," ",,,,"cl1447/cl1447wa1_11.fits  ",222.4136,26.1479
363,c,"Cl 1447+26", ,18,0.3772, ,2,-50.1, ,2.3,:,1.41, ,-9.0,-26.5,"Sc",3,21.38,1.56,"cl1447/cl1447wa1_6a.fits  ",222.3693,26.1237
617,f,"Cl 1447+26", ,29,0.2327,:,4,-43.0, ,0.0, ,1.7, ,-9.4,-22.8,"S0/E",0,21.26,0.62,"cl1447/cl1447wa1_6b.fits  ",222.3692,26.1248
346,c,"Cl 1447+26", ,1,0.3857, ,2,-4.4,:,1.6, ,1.98, ,-50.7,-41.5,"Sa",1,20.65,1.24,"cl1447/cl1447maa_17.fits  ",222.3564,26.1196
361,c,"Cl 1447+26", ,16,0.3843, ,3,-3.6, ,2.0, ,1.24, ,-45.8,-45.0,"X",0,21.16,0.9,"cl1447/cl1447wa1_5a.fits  ",222.3579,26.1186
362,c,"Cl 1447+26", ,17,0.3796, ,2,-14.5, ,4.0, ,1.41, ,-44.8,-41.8,"Sb?",3,21.86,0.83,"cl1447/cl1447wa1_5b.fits  ",222.3582,26.1195
347,c,"Cl 1447+26", ,2,0.3693, ,1,0.0, ,, ,1.53, ,-36.0,2.8,"SBb",2,20.7,1.03,"cl1447/cl1447maa_21.fits  ",222.3609,26.1319
348,c,"Cl 1447+26", ,3,0.3791, ,1,0.0, ,2.4, ,1.98, ,-18.9,14.3,"E",0,19.77,1.35,"cl1447/cl1447maa_22.fits  ",222.3662,26.1351
349,c,"Cl 1447+26", ,4,0.3718, ,2,0.0, ,, ,1.77, ,-3.3,31.5,"E",0,19.86,1.1,"cl1447/cl1447maa_7.fits   ",222.3711,26.1399
366,c,"Cl 1447+26", ,21,0.3857, ,2,-13.7, ,7.2, ,1.31, ,38.8,20.6,"Scd",2,21.25,0.64,"cl1447/cl1447wa1_9a.fits  ",222.3841,26.1368
351,c,"Cl 1447+26", ,6,0.3739, ,3,, ,, ,1.7, ,23.6,51.9,"E",0,21.04,1.37,"cl1447/cl1447mad_9.fits   ",222.3794,26.1455
610,f,"Cl 1447+26", ,22,0.1547, ,3,-16.4,:,0.0, ,1.21, ,50.3,51.6,"SBd",2,20.7,0.5,"cl1447/cl1447maa_10.fits  ",222.3876,26.1454
611,f,"Cl 1447+26", ,23,0.5299, ,2,-51.0, ,0.0, ,1.7, ,49.0,52.0,"Sd/Sm",1,,,"cl1447/cl1447mad_7.fits   ",222.3872,26.1456
612,f,"Cl 1447+26", ,24,0.1211, ,3,, ,3.1, ,1.61, ,50.3,51.6,"SBd",2,20.7,0.5,"                          ",222.3876,26.1454
350,c,"Cl 1447+26", ,5,0.3689, ,3,-33.0, ,1.0,:,1.35, ,31.9,54.3,"Sc",1,,,"cl1447/cl1447maa_9.fits   ",222.382,26.1462
353,c,"Cl 1447+26", ,8,0.3774, ,2,-14.1, ,4.4, ,1.39, ,29.0,93.0," ",,20.74,0.78,"cl1447/cl1447wa1_12.fits  ",222.3811,26.1569
354,c,"Cl 1447+26", ,9,0.3774, ,1,-27.2, ,6.5, ,1.34, ,-30.1,103.8," ",,21.4,0.69,"cl1447/cl1447wa1_13.fits  ",222.3628,26.1599
614,f,"Cl 1447+26", ,26,0.1166, ,2,, ,0.0, ,, ,121.5,151.0," ",,,,"cl1447/cl1447wa1_14.fits  ",222.4097,26.1731
355,c,"Cl 1447+26", ,10,0.3764, ,1,-1.5,:,1.5, ,1.87, ,54.2,205.5," ",,20.22,1.28,"                          ",222.3889,26.1882
356,c,"Cl 1447+26", ,11,0.3691, ,1,-12.6, ,4.0,:,1.4, ,54.2,205.5," ",,19.93,0.83,"                          ",222.3889,26.1882
615,f,"Cl 1447+26", ,27,0.853, ,3,-19.7, ,0.0, ,1.4, ,54.2,205.5," ",,,,"                          ",222.3889,26.1882
357,c,"Cl 1447+26", ,12,0.376, ,2,-4.4, ,, ,1.69,:,57.6,264.3," ",,21.15,1.22,"                          ",222.3899,26.2045
400,c,"Cl 1601+42", ,34,0.5414, ,2,0.0, ,, ,2.2, ,-1.7,-178.1," ",,,,"cl1601/cl1601cm1_20.fits  ",240.7995,42.7075
399,c,"Cl 1601+42", ,33,0.5424, ,1,0.0, ,2.9, ,2.27, ,11.1,-150.4," ",,,,"cl1601/cl1601cm1_19.fits  ",240.8044,42.7152
652,f,"Cl 1601+42", ,93,0.6164, ,1,-7.7, ,4.3, ,1.7, ,-71.9,-173.1," ",,,,"cl1601/cl1601cm3_24.fits  ",240.773,42.7089
415,c,"Cl 1601+42", ,49,0.5399, ,2,0.0, ,, ,1.86, ,-77.2,-120.5," ",,21.23,1.6,"cl1601/cl1601cm3_22.fits  ",240.771,42.7235
398,c,"Cl 1601+42", ,32,0.5421, ,2,0.0, ,, ,1.8, ,-15.1,-131.7," ",,20.93,0.78,"cl1601/cl1601cm1_18.fits  ",240.7945,42.7204
416,c,"Cl 1601+42", ,50,0.5395, ,2,0.0, ,3.6, ,1.9, ,-4.0,-130.4," ",,23.12,0.78,"cl1601/cl1601cm3_23.fits  ",240.7987,42.7207
397,c,"Cl 1601+42", ,31,0.5444, ,1,0.0, ,7.4, ,1.76, ,-46.5,-109.9," ",,21.55,1.48,"cl1601/cl1601cm1_17.fits  ",240.7826,42.7264
413,c,"Cl 1601+42", ,47,0.5429, ,2,0.0, ,, ,1.97, ,-45.7,-86.2," ",,22.58,1.62,"cl1601/cl1601cm3_20.fits  ",240.7829,42.733
412,c,"Cl 1601+42", ,46,0.5376, ,2,0.0, ,6.6,:,2.0, ,-43.5,-70.9," ",,21.6,1.51,"cl1601/cl1601cm3_19.fits  ",240.7837,42.7372
392,c,"Cl 1601+42", ,26,0.5412, ,2,0.0, ,3.0, ,2.02, ,-38.8,-68.2," ",,20.41,1.53,"cl1601/cl1601dg92_243.fits",240.7855,42.738
391,c,"Cl 1601+42", ,25,0.5385, ,1,0.0, ,, ,1.25, ,-34.0,-58.8,"Sb",1,19.51,0.29,"cl1601/cl1601dg92_235.fits",240.7873,42.7406
395,c,"Cl 1601+42", ,29,0.5369, ,1,0.0, ,, ,2.08, ,-39.9,-53.3," ",,20.76,1.55,"cl1601/cl1601cm1_14.fits  ",240.7851,42.7421
396,c,"Cl 1601+42", ,30,0.5426, ,3,0.0, ,, ,1.76, ,-4.3,-76.1," ",,22.19,1.99,"cl1601/cl1601cm1_16.fits  ",240.7985,42.7358
675,f,"Cl 1601+42", ,100,0.0, ,4,, ,, ,, ,-4.1,-69.9," ",,,,"cl1601/cl1601cm1_15.fits  ",240.7986,42.7375
389,c,"Cl 1601+42", ,23,0.5404, ,2,0.0, ,4.5, ,2.35, ,-9.5,-35.3," ",,21.33,1.55,"cl1601/cl1601dg92_208.fits",240.7966,42.7471
382,c,"Cl 1601+42", ,16,0.5463, ,2,0.0, ,, ,2.69, ,13.7,-14.7,"E",0,21.01,1.75,"cl1601/cl1601dg92_191.fits",240.8053,42.7529
628,f,"Cl 1601+42", ,69,0.234, ,2,0.0, ,13.3,:,2.17, ,8.4,-14.1,"E",1,21.87,0.34,"cl1601/cl1601dg92_189.fits",240.8033,42.753
414,c,"Cl 1601+42", ,48,0.542, ,2,0.0, ,, ,1.86, ,-90.6,-104.7," ",,22.47,1.6,"cl1601/cl1601cm3_21.fits  ",240.7659,42.7279
631,f,"Cl 1601+42", ,72,0.7441, ,2,-43.3, ,3.8, ,1.44, ,-77.8,-66.8," ",,21.45,0.11,"cl1601/cl1601dg92_242.fits",240.7707,42.7384
393,c,"Cl 1601+42", ,27,0.5412, ,3,-20.2, ,11.0, ,1.53, ,-96.7,-72.7," ",,21.54,1.04,"cl1601/cl1601dg92_248.fits",240.7636,42.7368
387,c,"Cl 1601+42", ,21,0.5355, ,2,-49.5, ,, ,1.69, ,-97.2,-29.5,"Sd",2,22.69,0.51,"cl1601/cl1601dg92_203.fits",240.7634,42.7488
411,c,"Cl 1601+42", ,45,0.5382, ,3,0.0, ,, ,2.14, ,-62.2,-61.0," ",,22.7,1.86,"cl1601/cl1601cm3_18.fits  ",240.7766,42.74
388,c,"Cl 1601+42", ,22,0.5378, ,4,0.0, ,, ,1.61, ,-31.8,-35.2,"Sc",2,21.53,1.48,"cl1601/cl1601dg92_207.fits",240.7881,42.7472
630,f,"Cl 1601+42", ,71,0.8211, ,1,-14.7, ,3.5, ,1.43, ,-44.6,-40.9,"Sb",3,21.4,0.7,"cl1601/cl1601dg92_213.fits",240.7833,42.7456
424,c,"Cl 1601+42", ,58,0.5447, ,2,-13.4, ,3.5, ,1.39, ,-70.8,-46.8,"Scd",2,22.21,0.97,"cl1601/cl1601mad_18.fits  ",240.7734,42.7439
650,f,"Cl 1601+42", ,91,0.7472, ,3,-29.4, ,0.0, ,1.14, ,-70.8,-46.8,"Scd",2,22.21,0.97,"cl1601/cl1601cm3_17.fits  ",240.7734,42.7439
383,c,"Cl 1601+42", ,17,0.5366, ,4,0.0, ,, ,2.04, ,-66.0,-16.8,"Sbc",2,22.7,0.97,"cl1601/cl1601dg92_194.fits",240.7752,42.7523
633,f,"Cl 1601+42", ,74,0.9165, ,2,-42.1, ,0.0, ,0.88, ,-56.7,-9.0,"Irr/Sd",3,23.02,-0.09,"cl1601/cl1601cm1_12.fits  ",240.7787,42.7544
381,c,"Cl 1601+42", ,15,0.5469, ,3,0.0, ,3.4, ,1.68, ,-43.5,-0.5,"SBb",1,22.05,1.2,"cl1601/cl1601dg92_164.fits",240.7837,42.7568
380,c,"Cl 1601+42", ,14,0.5444, ,2,0.0, ,, ,2.17, ,0.0,0.0,"E",0,20.1,1.61,"cl1601/cl1601dg92_163.fits",240.8002,42.7569
657,f,"Cl 1601+42", ,98,0.7459, ,2,-23.0, ,0.0, ,1.38, ,0.0,0.0," ",,,,"cl1601/cl1601maa_18.fits  ",240.8002,42.7569
632,f,"Cl 1601+42", ,73,0.7367, ,3,-52.9, ,0.0, ,1.22, ,2.9,10.9,"Irr",4,22.87,0.25,"cl1601/cl1601cm1_11.fits  ",240.8013,42.76
376,c,"Cl 1601+42", ,10,0.539, ,4,0.0, ,, ,1.95, ,8.8,17.3,"Sa/S0",0,22.21,1.74,"cl1601/cl1601dg92_142.fits",240.8035,42.7617
410,c,"Cl 1601+42", ,44,0.5391, ,2,0.0, ,, ,2.1, ,-35.0,-4.6,"Sb(pec)",0,20.61,1.38,"cl1601/cl1601cm3_13.fits  ",240.7869,42.7557
377,c,"Cl 1601+42", ,11,0.5432, ,2,0.0, ,, ,2.34, ,-25.6,13.9,"E",0,21.21,1.72,"cl1601/cl1601dg92_146.fits",240.7905,42.7608
649,f,"Cl 1601+42", ,90,0.3187,:,3,0.0, ,0.0, ,1.74, ,-16.1,13.7,"Sc/Irr",1,,,"cl1601/cl1601cm3_12.fits  ",240.7941,42.7608
422,c,"Cl 1601+42", ,56,0.5438, ,2,0.0, ,, ,1.93, ,-7.1,31.1,"Sb",0,22.15,1.41,"cl1601/cl1601maa_8.fits   ",240.7975,42.7656
379,c,"Cl 1601+42", ,13,0.5406, ,3,0.0, ,, ,2.07, ,-73.2,3.8,"Sab",1,21.42,1.38,"cl1601/cl1601dg92_159.fits",240.7725,42.758
419,c,"Cl 1601+42", ,53,0.51, ,2,0.0, ,3.3, ,1.72, ,-64.4,-9.6,"S0/E",0,20.55,1.38,"cl1601/cl1601maa_16.fits  ",240.7758,42.7543
423,c,"Cl 1601+42", ,57,0.5415, ,4,0.0, ,7.1, ,1.43, ,-61.4,-8.0,"E",0,,,"cl1601/cl1601mad_16.fits  ",240.7769,42.7547
656,f,"Cl 1601+42", ,97,0.51, ,2,0.0, ,3.3, ,1.72, ,-64.4,-9.6,"S0/E",0,20.55,1.38,"cl1601/cl1601maa_16.fits  ",240.7758,42.7543
374,c,"Cl 1601+42", ,8,0.5364, ,1,0.0, ,, ,2.03, ,-61.8,29.6,"Sab",0,20.62,1.72,"cl1601/cl1601dg92_128.fits",240.7768,42.7652
646,f,"Cl 1601+42", ,87,0.7359, ,4,-10.3, ,0.0, ,1.17, ,-64.9,24.9,"Sc",1,22.25,0.92,"cl1601/cl1601cm2_7.fits   ",240.7756,42.7639
409,c,"Cl 1601+42", ,43,0.5355, ,2,0.0, ,, ,1.98, ,-34.3,27.4,"Sb/S0",0,22.32,1.23,"cl1601/cl1601cm3_11.fits  ",240.7872,42.7646
648,f,"Cl 1601+42", ,89,0.8182,:,4,-21.4, ,0.0, ,1.03, ,-36.9,32.9,"Sc",2,21.08,1.61,"cl1601/cl1601cm2_9.fits   ",240.7862,42.7661
647,f,"Cl 1601+42", ,88,0.8189, ,3,-6.6, ,6.1, ,1.21, ,-46.1,34.9,"Sb",1,22.85,0.82,"cl1601/cl1601cm2_8.fits   ",240.7827,42.7666
403,c,"Cl 1601+42", ,37,0.541,:,3,0.0, ,0.0, ,1.41, ,-34.2,38.3,"Scd",1,20.5,1.25,"cl1601/cl1601cm1_9.fits   ",240.7872,42.7676
372,c,"Cl 1601+42", ,6,0.5382, ,3,, ,, ,1.64, ,-33.2,40.5,"E",0,20.5,1.25,"cl1601/cl1601dg92_113.fits",240.7876,42.7682
638,f,"Cl 1601+42", ,79,0.7394, ,2,-35.9, ,0.0, ,1.34, ,-16.1,58.5,"E",2,22.63,0.94,"cl1601/cl1601cm2_10.fits  ",240.7941,42.7732
655,f,"Cl 1601+42", ,96,0.4213, ,3,0.0, ,0.0, ,1.98, ,-41.0,53.8,"E",0,22.84,1.0,"cl1601/cl1601cm3_9.fits   ",240.7847,42.7719
623,f,"Cl 1601+42", ,64,0.7406, ,4,-15.1, ,3.0, ,1.33, ,-17.2,75.6,"SBcd",2,21.7,0.65,"cl1601/cl1601dg92_75.fits ",240.7937,42.7779
367,c,"Cl 1601+42", ,1,0.5473, ,4,0.0, ,, ,2.17, ,-21.1,89.6," ",,21.59,1.41,"cl1601/cl1601dg92_59.fits ",240.7922,42.7818
643,f,"Cl 1601+42", ,84,0.2205, ,2,-20.3, ,5.3, ,1.43, ,-124.5,-9.9," ",,22.31,-0.02,"cl1601/cl1601cm2_4.fits   ",240.7531,42.7542
642,f,"Cl 1601+42", ,83,0.2092, ,2,-34.6, ,3.1, ,1.7, ,-139.9,4.8," ",,21.89,0.23,"cl1601/cl1601cm2_3.fits   ",240.7472,42.7583
637,f,"Cl 1601+42", ,78,0.219, ,1,-41.9, ,7.6, ,1.62, ,-180.9,37.3," ",,,,"cl1601/cl1601cm2_1.fits   ",240.7317,42.7673
407,c,"Cl 1601+42", ,41,0.5348, ,2,0.0, ,4.4,:,2.07, ,-157.8,23.2," ",,,,"cl1601/cl1601cm2_2.fits   ",240.7405,42.7634
645,f,"Cl 1601+42", ,86,0.6447, ,3,-24.8, ,0.0, ,1.3, ,-90.5,48.6," ",,21.66,1.57,"cl1601/cl1601cm2_6.fits   ",240.7659,42.7704
370,c,"Cl 1601+42", ,4,0.5356, ,3,0.0, ,4.1, ,1.88, ,-76.2,56.9,"Sb",0,21.54,1.45,"cl1601/cl1601dg92_98.fits ",240.7713,42.7727
644,f,"Cl 1601+42", ,85,0.7179, ,3,-16.9, ,0.0, ,1.19, ,-106.5,66.2," ",,22.11,0.74,"cl1601/cl1601cm2_5.fits   ",240.7599,42.7753
654,f,"Cl 1601+42", ,95,1.03,:,3,-36.6, ,0.0, ,0.84, ,-88.9,72.1,"Irr/Sd",2,,,"cl1601/cl1601cm3_8.fits   ",240.7665,42.777
368,c,"Cl 1601+42", ,2,0.5404, ,1,, ,, ,2.09, ,-59.9,78.4,"E",0,20.97,1.39,"cl1601/cl1601dg92_72.fits ",240.7775,42.7787
619,f,"Cl 1601+42", ,60,0.429, ,2,-8.7, ,2.0, ,1.68, ,-51.3,126.0," ",,20.54,0.81,"cl1601/cl1601dg92_31.fits ",240.7808,42.7919
418,c,"Cl 1601+42", ,52,0.5391, ,2,0.0, ,, ,1.77, ,-95.0,117.5," ",,22.33,1.9,"cl1601/cl1601cm3_5.fits   ",240.7642,42.7896
417,c,"Cl 1601+42", ,51,0.5312, ,2,0.0, ,, ,1.96, ,-72.4,137.6," ",,22.08,1.48,"cl1601/cl1601cm3_4.fits   ",240.7728,42.7952
653,f,"Cl 1601+42", ,94,0.2097, ,3,-24.4, ,7.0, ,2.05, ,-56.7,152.4," ",,20.61,0.19,"cl1601/cl1601cm3_3.fits   ",240.7787,42.7993
390,c,"Cl 1601+42", ,24,0.543, ,3,0.0, ,4.1, ,1.91, ,126.4,-58.3," ",,21.15,1.49,"cl1601/cl1601dg92_234.fits",240.848,42.7407
629,f,"Cl 1601+42", ,70,0.223, ,4,-68.0, ,0.0, ,1.33, ,125.8,-39.5," ",,22.29,0.2,"cl1601/cl1601dg92_212.fits",240.8478,42.746
639,f,"Cl 1601+42", ,80,0.06,:,3,, ,, ,1.45,:,122.5,-4.5," ",,22.52,1.32,"cl1601/cl1601cm2_18.fits  ",240.8465,42.7557
641,f,"Cl 1601+42", ,82,0.295, ,3,0.0, ,0.0, ,2.28, ,197.8,80.9," ",,,,"cl1601/cl1601cm2_22.fits  ",240.875,42.7794
384,c,"Cl 1601+42", ,18,0.5445, ,1,0.0, ,5.8, ,1.91, ,60.9,-18.8," ",,20.78,1.37,"cl1601/cl1601dg92_195.fits",240.8232,42.7517
627,f,"Cl 1601+42", ,68,0.8895,:,4,-15.0, ,0.0, ,1.49, ,68.8,-6.0," ",,21.02,-0.06,"cl1601/cl1601dg92_179.fits",240.8262,42.7553
386,c,"Cl 1601+42", ,20,0.5319, ,2,-5.9,:,7.5,:,1.64, ,101.3,-25.5," ",,21.2,1.33,"cl1601/cl1601dg92_199.fits",240.8385,42.7499
378,c,"Cl 1601+42", ,12,0.5228, ,2,-19.0, ,, ,1.32, ,109.2,9.4," ",,21.54,0.63,"cl1601/cl1601dg92_150.fits",240.8415,42.7596
626,f,"Cl 1601+42", ,67,0.1775, ,3,0.0, ,0.0, ,1.17, ,93.5,26.4," ",,20.68,-0.02,"cl1601/cl1601dg92_134.fits",240.8355,42.7643
373,c,"Cl 1601+42", ,7,0.5223, ,4,-15.2, ,, ,2.0, ,114.5,36.2," ",,20.95,1.58,"cl1601/cl1601dg92_117.fits",240.8435,42.767
385,c,"Cl 1601+42", ,19,0.5393, ,2,0.0, ,, ,2.32, ,44.4,-21.1," ",,20.75,1.44,"cl1601/cl1601dg92_198.fits",240.817,42.7511
421,c,"Cl 1601+42", ,55,0.5418, ,2,0.0, ,, ,1.7, ,35.6,26.6,"Sab",0,21.59,1.77,"cl1601/cl1601maa_5.fits   ",240.8136,42.7643
405,c,"Cl 1601+42", ,39,0.5371, ,2,0.0, ,, ,1.93, ,74.3,30.8," ",,21.54,1.63,"cl1601/cl1601cm2_16.fits  ",240.8283,42.7655
676,f,"Cl 1601+42", ,101,0.0, ,1,, ,, ,, ,90.8,66.5," ",,22.33,1.4,"cl1601/cl1601cm2_17.fits  ",240.8345,42.7754
369,c,"Cl 1601+42", ,3,0.54, ,3,0.0, ,7.5, ,2.02, ,91.6,71.5," ",,22.11,1.94,"cl1601/cl1601dg92_80.fits ",240.8348,42.7768
622,f,"Cl 1601+42", ,63,0.6392, ,3,-22.6, ,0.0, ,1.35, ,94.8,82.1," ",,21.83,0.81,"cl1601/cl1601dg92_70.fits ",240.836,42.7797
640,f,"Cl 1601+42", ,81,0.7355, ,2,-13.0, ,5.0,:,1.35, ,164.7,46.5," ",,,,"cl1601/cl1601cm2_21.fits  ",240.8625,42.7699
624,f,"Cl 1601+42", ,65,0.7373, ,2,0.0, ,6.5, ,1.6, ,117.7,51.5," ",,20.84,1.14,"cl1601/cl1601dg92_105.fits",240.8447,42.7712
408,c,"Cl 1601+42", ,42,0.5463, ,2,-41.2, ,, ,1.61, ,149.0,87.6," ",,21.5,0.75,"cl1601/cl1601cm2_20.fits  ",240.8565,42.7813
406,c,"Cl 1601+42", ,40,0.5364, ,2,-22.5, ,4.6,:,2.09, ,139.3,98.8," ",,20.83,1.13,"cl1601/cl1601cm2_19.fits  ",240.8529,42.7844
394,c,"Cl 1601+42", ,28,0.5307,:,3,0.0, ,, ,1.9, ,18.3,22.3,"Sd",0,21.67,1.52,"cl1601/cl1601cm1_10.fits  ",240.8071,42.7631
375,c,"Cl 1601+42", ,9,0.5407, ,3,0.0, ,, ,2.04, ,9.1,26.2,"E",0,20.14,1.62,"cl1601/cl1601dg92_133.fits",240.8036,42.7642
625,f,"Cl 1601+42", ,66,0.4215, ,3,-19.5, ,, ,1.31, ,25.4,48.9,"E",0,21.66,1.57,"cl1601/cl1601dg92_106.fits",240.8098,42.7705
404,c,"Cl 1601+42", ,38,0.5367, ,3,0.0, ,, ,1.58, ,43.8,54.2,"Sa",0,,,"cl1601/cl1601cm2_15.fits  ",240.8167,42.772
420,c,"Cl 1601+42", ,54,0.5403, ,1,0.0, ,2.8, ,1.84, ,39.5,55.9,"S0/a",0,21.07,1.64,"cl1601/cl1601maa_4.fits   ",240.8151,42.7725
402,c,"Cl 1601+42", ,36,0.5396, ,3,0.0, ,, ,2.56, ,37.6,60.3,"Scd",2,23.28,1.43,"cl1601/cl1601cm1_7.fits   ",240.8144,42.7737
621,f,"Cl 1601+42", ,62,0.1816, ,2,, ,, ,1.28, ,67.3,96.5," ",,19.96,0.2,"cl1601/cl1601dg92_55.fits ",240.8256,42.7837
371,c,"Cl 1601+42", ,5,0.5411, ,4,0.0, ,, ,2.05, ,-3.1,55.4,"Sab",1,21.86,1.29,"cl1601/cl1601dg92_101.fits",240.799,42.7723
636,f,"Cl 1601+42", ,77,0.8105, ,2,-89.4, ,0.0, ,1.06, ,22.6,92.0," ",,22.5,0.18,"cl1601/cl1601cm1_5.fits   ",240.8087,42.7825
635,f,"Cl 1601+42", ,76,0.1154, ,2,-38.8, ,0.0, ,2.17, ,36.1,114.6," ",,22.02,-0.04,"cl1601/cl1601cm1_4.fits   ",240.8138,42.7888
401,c,"Cl 1601+42", ,35,0.5357, ,2,-19.5, ,6.4, ,1.8, ,27.4,136.3," ",,21.77,1.6,"cl1601/cl1601cm1_3.fits   ",240.8105,42.7948
634,f,"Cl 1601+42", ,75,0.4736, ,2,0.0, ,0.0, ,2.05, ,32.8,156.5," ",,21.46,1.46,"cl1601/cl1601cm1_2.fits   ",240.8126,42.8004
620,f,"Cl 1601+42", ,61,0.4732, ,4,-60.5, ,8.8, ,1.18, ,-20.4,102.5," ",,21.46,-0.02,"cl1601/cl1601dg92_47.fits ",240.7924,42.7854
618,f,"Cl 1601+42", ,59,0.6282, ,1,-116.0, ,-9.3, ,1.04, ,-8.5,134.6," ",,21.71,0.19,"cl1601/cl1601dg92_23.fits ",240.797,42.7943
674,f,"Cl 1601+42", ,138,0.0, ,3,, ,, ,, ,31.9,187.7," ",,,,"cl1601/cl1601cm1_1.fits   ",240.8122,42.8091
651,f,"Cl 1601+42", ,92,0.2187, ,2,-28.6, ,3.2,:,1.94, ,-24.5,168.1," ",,,,"cl1601/cl1601cm3_2.fits   ",240.7909,42.8036
677,f,"Cl 1601+42", ,102,0.0, ,1,, ,, ,, ,-60.5,192.1," ",,,,"cl1601/cl1601cm3_1.fits   ",240.7773,42.8103
450,f,"3C295     ", ,33,0.3286, ,2,-27.5, ,3.6, ,1.25, ,40.8,-111.2," ",,21.38,0.39,"3c295/3c295dg92_214.fits  ",212.8538,52.1714
61,c,"3C295     ", ,21,0.4627, ,2,0.0, ,, ,2.45, ,26.2,-80.7," ",,21.57,1.48,"3c295/3c295dg92_199.fits  ",212.8472,52.1799
449,f,"3C295     ", ,32,0.2845, ,3,, ,0.0, ,1.4, ,18.2,-60.2,"Irr?",,21.62,0.34,"3c295/3c295dg92_182.fits  ",212.8435,52.1856
448,f,"3C295     ", ,31,0.285, ,3,0.0, ,0.0, ,1.62, ,12.9,-52.0,"Scd",2,21.01,0.25,"3c295/3c295dg92_174.fits  ",212.8411,52.1878
60,c,"3C295     ", ,20,0.4565, ,4,, ,7.1, ,1.53, ,27.2,-52.5,"Sb",2,22.17,0.83,"3c295/3c295dg92_176.fits  ",212.8476,52.1877
447,f,"3C295     ", ,30,0.6364,:,3,-28.7, ,5.9,:,1.23, ,31.4,-30.0," ",,21.99,0.51,"3c295/3c295dg92_146.fits  ",212.8495,52.1939
64,c,"3C295     ", ,24,0.4685, ,2,-16.8, ,7.4, ,1.34, ,-29.1,-56.6,"Scd",2,21.05,0.86,"3c295/3c295maa_19.fits    ",212.8221,52.1866
63,c,"3C295     ", ,23,0.4649, ,2,0.0, ,1.8, ,1.87, ,-7.9,-39.9,"Sab",1,21.29,1.25,"3c295/3c295maa_18.fits    ",212.8317,52.1912
62,c,"3C295     ", ,22,0.4515, ,3,-11.5, ,, ,1.8,:,5.7,-22.4,"Sb",0,21.56,1.42,"3c295/3c295maa_17.fits    ",212.8379,52.1961
58,c,"3C295     ", ,18,0.4659, ,2,, ,, ,1.22, ,-5.2,-16.4,"Sc",3,20.56,0.69,"3c295/3c295dg92_130.fits  ",212.8329,52.1977
52,c,"3C295     ", ,12,0.4605, ,1,-184.8, ,, ,1.77, ,0.0,0.0,"E/S0",1,18.89,1.26,"3c295/3c295dg92_112.fits  ",212.8353,52.2023
451,f,"3C295     ", ,34,0.2317, ,3,-14.6, ,0.0, ,1.58, ,0.0,0.0,"Sc",1,21.68,0.25,"3c295/3c295maa_10.fits    ",212.8353,52.2023
51,c,"3C295     ", ,11,0.4703, ,3,0.0, ,5.6, ,1.6, ,-18.6,7.5,"Sd",4,20.99,1.0,"3c295/3c295dg92_106.fits  ",212.8269,52.2044
59,c,"3C295     ", ,19,0.4485, ,3,0.0, ,, ,1.71, ,-60.5,-31.6,"Sab",1,20.11,1.43,"3c295/3c295dg92_151.fits  ",212.8079,52.1935
55,c,"3C295     ", ,15,0.454, ,3,-5.0, ,, ,1.51, ,-81.0,-8.9,"Sb",2,20.45,1.08,"3c295/3c295dg92_122.fits  ",212.7986,52.1998
54,c,"3C295     ", ,14,0.459, ,4,0.0, ,, ,1.82, ,-79.5,-6.5,"Sa/0",1,20.65,1.28,"3c295/3c295dg92_119.fits  ",212.7993,52.2005
49,c,"3C295     ", ,9,0.4504, ,2,0.0, ,4.0,:,2.27, ,-45.4,15.4,"E",0,20.48,1.33,"3c295/3c295dg92_92.fits   ",212.8147,52.2066
446,f,"3C295     ", ,29,0.2587, ,2,-83.4, ,0.0, ,1.25, ,47.3,-17.2," ",,22.02,0.22,"3c295/3c295dg92_133.fits  ",212.8567,52.1975
57,c,"3C295     ", ,17,0.4509, ,4,0.0, ,, ,1.71, ,29.6,-14.0," ",,20.59,1.54,"3c295/3c295dg92_127.fits  ",212.8487,52.1984
445,f,"3C295     ", ,28,0.2806, ,3,-37.4, ,0.0, ,1.29, ,41.5,-1.5," ",,21.86,0.18,"3c295/3c295dg92_113.fits  ",212.8541,52.2019
444,f,"3C295     ", ,27,0.5714, ,2,-75.3, ,0.0, ,1.12, ,36.4,7.6," ",,21.33,1.09,"3c295/3c295dg92_107.fits  ",212.8518,52.2044
50,c,"3C295     ", ,10,0.4464, ,2,-5.9,:,5.1, ,2.22, ,30.5,7.7,"Sa",0,21.72,1.49,"3c295/3c295dg92_105.fits  ",212.8491,52.2044
56,c,"3C295     ", ,16,0.4489, ,4,0.0, ,, ,1.69, ,16.4,-11.4,"S0/Sa",0,20.62,1.63,"3c295/3c295dg92_126.fits  ",212.8427,52.1991
53,c,"3C295     ", ,13,0.4619, ,2,0.0, ,, ,2.07, ,12.6,-3.7,"Sab",0,21.65,1.42,"3c295/3c295dg92_115.fits  ",212.841,52.2013
452,f,"3C295     ", ,35,0.3798, ,2,-21.5, ,0.0, ,1.37, ,12.4,12.9,"S0/Sa",0,21.59,1.07,"3c295/3c295maa_23.fits    ",212.8409,52.2059
48,c,"3C295     ", ,8,0.4719, ,3,0.0, ,, ,1.52, ,14.1,27.7,"Sc",1,21.37,1.32,"3c295/3c295dg92_81.fits   ",212.8417,52.21
47,c,"3C295     ", ,7,0.4637, ,2,0.0, ,, ,2.15, ,14.7,36.5,"Sa",1,21.26,1.64,"                          ",212.842,52.2124
46,c,"3C295     ", ,6,0.4595, ,3,0.0, ,, ,1.98, ,-12.0,47.4,"S0",0,21.55,1.43,"3c295/3c295dg92_66.fits   ",212.8299,52.2154
44,c,"3C295     ", ,4,0.4733, ,1,, ,, ,1.06, ,27.1,82.0,"SBb",0,19.98,0.15,"3c295/3c295dg92_34.fits   ",212.8476,52.2251
45,c,"3C295     ", ,5,0.4515, ,3,-14.7, ,, ,1.18, ,-29.0,61.9,"Sd",2,22.25,1.07,"3c295/3c295dg92_54.fits   ",212.8221,52.2195
42,c,"3C295     ", ,2,0.4618, ,2,0.0, ,, ,2.22, ,-44.9,88.1," ",,21.8,1.67,"3c295/3c295dg92_28.fits   ",212.8149,52.2268
65,c,"3C295     ", ,25,0.4594, ,1,0.0, ,3.0, ,2.06, ,-5.2,89.3,"E",0,20.97,1.55,"3c295/3c295maa_4.fits     ",212.8329,52.2271
43,c,"3C295     ", ,3,0.4681, ,4,0.0, ,8.3,:,1.7, ,57.0,84.0," ",,20.98,1.19,"3c295/3c295dg92_32.fits   ",212.8611,52.2256
41,c,"3C295     ", ,1,0.4527, ,2,0.0, ,4.3, ,1.43, ,-105.4,101.1," ",,21.01,1.61,"3c295/3c295dg92_15.fits   ",212.7875,52.2304
443,f,"3C295     ", ,26,2.0809, ,2,-23.3, ,0.0, ,, ,-63.2,91.8," ",,21.35,-0.03,"3c295/3c295dg92_24.fits   ",212.8066,52.2278
440,f,"A370      ",+,56,0.2908, ,4,0.0, ,5.5, ,4.7,:,179.3,-183.8,"Scd",2,,,"                          ",40.019,-1.6227
439,f,"A370      ",+,55,0.5662, ,4,0.0, ,0.0, ,1.84, ,159.6,-180.5,"Sa/S0",0,,,"                          ",40.0135,-1.6218
30,c,"A370      ",+,30,0.3784, ,3,0.0, ,, ,2.99, ,89.4,-188.3,"S0",0,21.88,1.34,"a370/a370_2ms2_25.fits    ",39.994,-1.624
25,c,"A370      ",+,25,0.3727, ,2,0.0, ,, ,2.14, ,103.4,-166.9,"SBa",0,21.1,1.48,"a370/a370_2ms1_20.fits    ",39.9979,-1.618
34,c,"A370      ",+,34,0.3762, ,3,0.0, ,, ,2.54, ,82.6,-164.8,"E",0,21.14,1.4,"a370/a370_2ms3_2.fits     ",39.9921,-1.6174
29,c,"A370      ",+,29,0.3663, ,2,0.0, ,, ,2.51, ,68.6,-173.4,"E",0,20.13,1.53,"a370/a370_2ms2_24.fits    ",39.9882,-1.6198
37,c,"A370      ",+,37,0.3789, ,2,0.0, ,, ,2.37, ,84.1,-150.0,"Sc?",3,21.42,1.48,"a370/a370_2ms3_3.fits     ",39.9925,-1.6133
438,f,"A370      ",+,54,0.5644,:,3,, ,0.0, ,1.62, ,148.1,-173.8,"Sc",1,,,"                          ",40.0103,-1.6199
26,c,"A370      ",+,26,0.3755, ,3,0.0, ,, ,1.81, ,129.2,-160.1,"Sm",1,,,"a370/a370_2ms1_21.fits    ",40.0051,-1.6161
24,c,"A370      ",+,24,0.3612, ,2,-8.1, ,4.4, ,1.62, ,117.0,-138.4,"SBab",1,20.64,1.04,"a370/a370_2ms1_19.fits    ",40.0017,-1.6101
442,f,"A370      ",+,58,0.2295, ,1,-20.5, ,12.0, ,0.0, ,123.6,-116.5,"Sc",1,,,"                          ",40.0035,-1.604
28,c,"A370      ",+,28,0.3721, ,3,-47.9, ,, ,1.55, ,97.4,-108.4,"Sd",3,21.31,0.68,"a370/a370_2ms2_22.fits    ",39.9962,-1.6018
437,f,"A370      ",+,53,0.4193, ,2,-19.0, ,8.2, ,1.41, ,116.2,-98.0,"Sc",1,,,"                          ",40.0015,-1.5989
441,f,"A370      ",+,57,0.4205, ,3,-42.3, ,0.0, ,0.0, ,111.1,-87.7,"Sb?",3,,,"                          ",40.0,-1.596
38,c,"A370      ",+,38,0.3759, ,2,0.0, ,, ,1.92, ,62.7,-103.9,"S0/E",0,21.77,0.63,"a370/a370_2ms3_4.fits     ",39.9866,-1.6005
435,f,"A370      ", ,51,0.6031, ,2,-51.4, ,0.0, ,1.26, ,62.7,-103.9,"Sc",2,21.77,0.63,"a370/a370ms3_5.fits       ",39.9866,-1.6005
39,c,"A370      ",+,39,0.3773, ,2,0.0, ,, ,1.96, ,84.3,-92.1,"E",0,21.62,1.42,"a370/a370_2ms3_6.fits     ",39.9926,-1.5972
436,f,"A370      ",+,52,0.207, ,3,-13.5, ,0.0, ,1.87, ,93.7,-90.9,"Scd",1,,,"                          ",39.9952,-1.5969
23,c,"A370      ",+,23,0.3715, ,2,0.0, ,, ,1.96, ,79.9,-83.2,"SBab",1,19.91,1.24,"a370/a370_2ms1_15.fits    ",39.9914,-1.5948
27,c,"A370      ",+,27,0.3873, ,2,-6.6, ,6.1, ,0.0, ,76.3,-73.4,"Sb",3,20.78,0.63,"a370/a370_2ms2_19.fits    ",39.9904,-1.5921
40,c,"A370      ",+,40,0.3826, ,1,0.0, ,, ,2.3, ,68.9,-68.0,"S0",0,20.86,1.59,"a370/a370_2ms3_7.fits     ",39.9883,-1.5906
658,f,"A370      ", ,59,0.0, ,3,, ,, ,, ,44.4,-59.8," ",,22.1,1.53,"a370/a370ms1_13.fits      ",39.9815,-1.5883
16,c,"A370      ", ,16,0.3718, ,2,0.0, ,, ,2.53, ,59.4,-45.7," ",,20.91,1.48,"a370/a370ms2_18.fits      ",39.9857,-1.5844
15,c,"A370      ", ,15,0.3818, ,3,0.0, ,, ,2.81, ,22.3,-49.9," ",,,,"a370/a370ms2_17.fits      ",39.9754,-1.5855
426,f,"A370      ", ,42,0.346, ,2,-8.2, ,5.0, ,1.76, ,26.9,-46.0," ",,20.89,0.96,"a370/a370ms1_12.fits      ",39.9766,-1.5844
22,c,"A370      ", ,22,0.3789, ,3,0.0, ,, ,1.92, ,43.7,-24.1," ",,22.1,1.25,"a370/a370ms3_9.fits       ",39.9813,-1.5784
21,c,"A370      ", ,21,0.3706, ,2,-23.1, ,, ,1.5, ,79.0,-37.4," ",,21.41,0.56,"a370/a370ms3_8.fits       ",39.9911,-1.5821
17,c,"A370      ", ,17,0.3755, ,1,0.0, ,, ,2.1, ,77.8,-14.8," ",,20.59,1.52,"a370/a370ms3_10.fits      ",39.9908,-1.5758
14,c,"A370      ", ,14,0.3692, ,2,0.0, ,, ,2.34, ,54.9,-9.8," ",,,,"a370/a370ms2_16.fits      ",39.9844,-1.5744
425,f,"A370      ", ,41,0.1677, ,2,-16.9, ,0.0, ,1.73, ,8.2,-29.8," ",,20.98,0.45,"a370/a370ms1_11.fits      ",39.9714,-1.5799
2,c,"A370      ", ,2,0.3738, ,2,0.0, ,, ,2.08, ,-5.6,-13.4," ",,21.8,1.58,"a370/a370ms1_10.fits      ",39.9676,-1.5754
12,c,"A370      ", ,12,0.378, ,2,, ,, ,2.71, ,0.0,0.0," ",,19.23,1.65,"a370/a370ms2_12.fits      ",39.9692,-1.5717
10,c,"A370      ", ,10,0.3677, ,2,0.0, ,, ,1.9, ,-19.3,-2.1," ",,,,"a370/a370ms1_9.fits       ",39.9638,-1.5722
18,c,"A370      ", ,18,0.3828, ,1,0.0, ,, ,2.47, ,54.4,19.3," ",,21.23,1.54,"a370/a370ms3_11.fits      ",39.9843,-1.5663
428,f,"A370      ", ,44,0.2252, ,3,-29.1, ,0.0, ,0.0, ,-36.8,-2.9," ",,20.97,0.68,"a370/a370ms2_11.fits      ",39.9589,-1.5725
13,c,"A370      ", ,13,0.3761, ,3,0.0, ,4.4,:,3.16, ,-45.7,-0.9," ",,20.15,1.53,"a370/a370ms2_15.fits      ",39.9565,-1.5719
9,c,"A370      ", ,9,0.3739, ,3,0.0, ,, ,1.82, ,-20.2,19.6," ",,21.68,0.96,"a370/a370ms1_8.fits       ",39.9636,-1.5662
11,c,"A370      ", ,11,0.3735, ,2,0.0, ,, ,2.2, ,-23.5,21.7," ",,,,"a370/a370ms2_10.fits      ",39.9626,-1.5656
8,c,"A370      ", ,8,0.3589, ,1,-5.9, ,10.0,:,1.42, ,-25.3,34.2," ",,20.77,0.7,"a370/a370ms1_7.fits       ",39.9621,-1.5622
7,c,"A370      ", ,7,0.3695, ,3,0.0, ,, ,2.26, ,-22.3,65.9," ",,22.32,1.26,"a370/a370ms1_6.fits       ",39.963,-1.5534
430,f,"A370      ", ,46,0.3364, ,3,-57.4, ,0.0, ,0.0, ,-66.3,32.1," ",,,,"a370/a370ms2_8.fits       ",39.9507,-1.5627
6,c,"A370      ", ,6,0.3706, ,3,0.0, ,, ,2.53, ,-48.7,72.5," ",,,,"a370/a370ms1_5.fits       ",39.9556,-1.5515
5,c,"A370      ", ,5,0.3779, ,3,0.0, ,, ,1.77, ,-67.1,75.7," ",,22.17,0.8,"a370/a370ms1_4.fits       ",39.9505,-1.5506
4,c,"A370      ", ,4,0.3774, ,2,0.0, ,, ,1.77, ,-86.4,90.9," ",,21.31,1.25,"a370/a370ms1_3.fits       ",39.9452,-1.5464
3,c,"A370      ", ,3,0.3735, ,2,-26.7, ,, ,1.81, ,-94.1,120.9," ",,21.22,1.02,"a370/a370ms1_2.fits       ",39.943,-1.5381
1,c,"A370      ", ,1,0.3735, ,3,0.0, ,, ,1.59, ,-117.1,122.6," ",,22.15,1.27,"a370/a370ms1_1.fits       ",39.9366,-1.5376
19,c,"A370      ", ,19,0.3725, ,2,-26.7, ,, ,1.38, ,84.1,33.3," ",,22.15,0.73,"a370/a370ms3_12.fits      ",39.9925,-1.5624
431,f,"A370      ", ,47,0.5485, ,2,-8.9, ,10.0, ,2.24, ,76.4,68.5," ",,,,"a370/a370ms3_14.fits      ",39.9904,-1.5526
20,c,"A370      ", ,20,0.3728, ,2,-10.3, ,, ,1.41, ,81.7,106.3," ",,,,"a370/a370ms3_15.fits      ",39.9919,-1.5421
432,f,"A370      ", ,48,0.3286, ,3,-15.0, ,0.0, ,1.54, ,83.1,112.9," ",,,,"a370/a370ms3_16.fits      ",39.9923,-1.5403
433,f,"A370      ", ,49,0.4217, ,1,-9.5, ,0.0, ,1.74, ,94.5,136.2," ",,,,"a370/a370ms3_17.fits      ",39.9954,-1.5338
31,c,"A370      ",+,31,0.3733, ,3,-19.4, ,, ,2.53, ,-26.7,125.9,"S0",0,,,"a370/a370_2ms2_5.fits     ",39.9617,-1.5367
32,c,"A370      ",+,32,0.3721, ,2,-14.9, ,, ,1.62, ,76.6,169.3," ",,21.79,0.8,"a370/a370_2ms3_18.fits    ",39.9905,-1.5246
33,c,"A370      ",+,33,0.3753, ,2,-30.7, ,, ,1.47, ,78.4,189.2," ",,21.7,0.39,"a370/a370_2ms3_19.fits    ",39.991,-1.5191
35,c,"A370      ",+,35,0.3734, ,2,-7.2, ,, ,2.14, ,96.8,220.1," ",,21.56,1.57,"a370/a370_2ms3_20.fits    ",39.9961,-1.5105
36,c,"A370      ",+,36,0.3727, ,2,0.0, ,, ,, ,85.2,257.8," ",,,,"a370/a370_2ms3_21.fits    ",39.9928,-1.5001
434,f,"A370      ", ,50,0.3474, ,2,-21.9, ,, ,1.38, ,107.7,281.4," ",,,,"a370/a370ms3_22.fits      ",39.9991,-1.4935
427,f,"A370      ", ,43,0.2801, ,2,-3.0, ,5.5, ,0.0, ,-81.5,179.3," ",,20.35,1.13,"a370/a370ms2_1.fits       ",39.9465,-1.5219
429,f,"A370      ", ,45,0.242,:,4,0.0, ,0.0, ,0.0, ,-60.6,170.4," ",,22.21,0.55,"a370/a370ms2_2.fits       ",39.9523,-1.5243
472,f,"Cl 0024+16", ,114,0.2252, ,3,-22.8, ,4.6, ,1.42, ,281.9,-44.8," ",,,,"cl0024/cl0024ew1_37.fits  ",6.7306,17.1497
664,f,"Cl 0024+16", ,136,0.0, ,1,, ,, ,, ,-113.0,-251.8," ",,,,"cl0024/cl0024ns2_1.fits   ",6.6158,17.0922
481,f,"Cl 0024+16", ,123,0.2153, ,1,0.0, ,0.0, ,1.85, ,-64.7,-254.1," ",,,,"cl0024/cl0024ns1_1.fits   ",6.6298,17.0915
165,c,"Cl 0024+16", ,71,0.4081, ,2,-28.3, ,, ,1.53, ,-37.1,-227.1," ",,,,"cl0024/cl0024ns1_2.fits   ",6.6378,17.099
188,c,"Cl 0024+16", ,94,0.3811, ,2,-26.5, ,3.8, ,1.19, ,-21.5,-220.0," ",,,,"cl0024/cl0024ns2_2.fits   ",6.6424,17.101
178,c,"Cl 0024+16", ,84,0.3926, ,2,0.0, ,, ,2.68, ,-28.5,-181.8," ",,,,"cl0024/cl0024ns1_4.fits   ",6.6403,17.1116
198,c,"Cl 0024+16", ,104,0.3988, ,3,-10.8, ,9.1, ,1.69, ,-12.0,-149.2," ",,22.08,1.67,"cl0024/cl0024ns2_5.fits   ",6.6451,17.1207
173,c,"Cl 0024+16", ,79,0.3954, ,1,0.0, ,, ,3.32, ,-89.9,-204.6," ",,,,"cl0024/cl0024ns1_3.fits   ",6.6225,17.1053
488,f,"Cl 0024+16", ,130,0.3432, ,2,-9.8, ,1.4, ,1.89, ,-100.0,-190.8," ",,,,"cl0024/cl0024ns2_3.fits   ",6.6196,17.1091
197,c,"Cl 0024+16", ,103,0.395, ,3,0.0, ,8.5,:,1.75, ,-78.1,-163.6," ",,,,"cl0024/cl0024ns2_4.fits   ",6.6259,17.1167
663,f,"Cl 0024+16", ,135,0.0, ,1,, ,, ,, ,-45.9,-164.0," ",,,,"cl0024/cl0024ns1_5.fits   ",6.6353,17.1166
179,c,"Cl 0024+16", ,85,0.3827, ,3,-15.9, ,18.0,:,2.97, ,-17.5,-148.5," ",,,,"cl0024/cl0024ns1_6.fits   ",6.6435,17.1209
180,c,"Cl 0024+16", ,86,0.3949, ,2,0.0, ,2.6, ,2.14, ,-19.2,-137.5," ",,,,"cl0024/cl0024ns1_7.fits   ",6.643,17.1239
181,c,"Cl 0024+16", ,87,0.3943, ,2,, ,2.8, ,2.09, ,-43.2,-107.3,"SBb",1,21.44,-0.29,"cl0024/cl0024ns1_8.fits   ",6.6361,17.1323
199,c,"Cl 0024+16", ,105,0.3802, ,2,-28.1, ,3.4, ,1.18, ,-21.4,-120.8," ",,21.43,0.6,"cl0024/cl0024ns2_6.fits   ",6.6424,17.1286
666,f,"Cl 0024+16", ,138,0.0, ,1,, ,, ,, ,-15.8,-93.6,"*",,,,"cl0024/cl0024ns2_7.fits   ",6.644,17.1361
200,c,"Cl 0024+16", ,106,0.3952, ,3,0.0, ,4.8,:,1.82, ,-4.5,-71.3,"Sb",0,21.42,1.38,"cl0024/cl0024ns2_8.fits   ",6.6473,17.1423
182,c,"Cl 0024+16", ,88,0.4033, ,1,, ,2.8, ,2.35, ,-21.1,-81.4,"SBa/S0",1,21.48,1.59,"cl0024/cl0024ns1_9.fits   ",6.6425,17.1395
482,f,"Cl 0024+16", ,124,0.2478, ,2,-53.4, ,2.3, ,1.63, ,-38.6,-58.7," ",,,,"cl0024/cl0024ns1_11.fits  ",6.6374,17.1458
661,f,"Cl 0024+16", ,133,0.0, ,1,, ,, ,, ,-38.0,-54.2,"*",,,,"cl0024/cl0024ns1_12.fits  ",6.6376,17.1471
183,c,"Cl 0024+16", ,89,0.3969, ,2,0.0, ,6.9, ,1.73, ,-42.8,-45.6,"E",0,21.35,1.42,"cl0024/cl0024ns2_10.fits  ",6.6362,17.1494
113,c,"Cl 0024+16", ,19,0.394, ,1,-137.3, ,, ,0.81, ,-70.2,-40.2," ",,21.87,0.36,"cl0024/cl0024dg92_198.fits",6.6282,17.1509
160,c,"Cl 0024+16", ,66,0.393, ,1,-168.6, ,, ,1.33, ,-70.2,-40.1," ",,21.87,0.36,"cl0024/cl0024ns1_13.fits  ",6.6282,17.151
161,c,"Cl 0024+16", ,67,0.4001, ,1,-44.6, ,, ,1.66, ,-67.5,-28.6," ",,22.65,0.78,"cl0024/cl0024ns1_14.fits  ",6.629,17.1542
158,c,"Cl 0024+16", ,64,0.3863, ,3,-11.3, ,, ,1.35, ,-62.6,-20.5," ",,22.16,0.46,"cl0024/cl0024ew2_8.fits   ",6.6304,17.1564
659,f,"Cl 0024+16", ,131,0.0, ,2,0.0, ,0.0, ,1.74, ,-105.6,-9.6," ",,21.72,1.05,"cl0024/cl0024ew1_8.fits   ",6.6179,17.1594
480,f,"Cl 0024+16", ,122,0.111, ,2,-35.7, ,4.7, ,2.17, ,-121.6,29.9," ",,21.44,0.29,"cl0024/cl0024ew2_5.fits   ",6.6133,17.1704
483,f,"Cl 0024+16", ,125,0.1111, ,2,-46.0, ,5.0, ,1.49, ,-121.6,29.8," ",,,,"cl0024/cl0024ns1_19.fits  ",6.6133,17.1704
136,c,"Cl 0024+16", ,42,0.3925, ,2,0.0, ,, ,2.06, ,-268.6,-77.7," ",,,,"cl0024/cl0024ew1_35.fits  ",6.5705,17.1405
148,c,"Cl 0024+16", ,54,0.3953, ,1,-9.8, ,3.1, ,1.43, ,-196.2,23.5," ",,20.69,0.89,"cl0024/cl0024ew2_2.fits   ",6.5916,17.1686
154,c,"Cl 0024+16", ,60,0.3939, ,2,-7.7, ,8.8, ,1.66, ,-155.8,4.4," ",,21.66,0.83,"cl0024/cl0024ew2_3.fits   ",6.6033,17.1633
473,f,"Cl 0024+16", ,115,0.2279, ,2,-51.8, ,0.0, ,1.46, ,-137.0,31.3," ",,23.31,0.17,"cl0024/cl0024ew1_7.fits   ",6.6088,17.1708
122,c,"Cl 0024+16", ,28,0.3938, ,2,0.0, ,, ,2.32, ,-224.9,35.6," ",,,,"cl0024/cl0024ew1_1.fits   ",6.5832,17.172
135,c,"Cl 0024+16", ,41,0.3927, ,2,-20.0, ,5.4, ,1.86, ,-194.9,70.0," ",,,,"cl0024/cl0024ew1_3.fits   ",6.592,17.1816
137,c,"Cl 0024+16", ,43,0.3995, ,3,0.0, ,, ,1.5, ,-177.6,69.4," ",,22.05,1.22,"cl0024/cl0024ew1_4.fits   ",6.597,17.1814
133,c,"Cl 0024+16", ,39,0.3794, ,2,-20.9, ,3.6, ,1.61, ,152.5,-66.1," ",,,,"cl0024/cl0024ew1_26.fits  ",6.693,17.1437
153,c,"Cl 0024+16", ,59,0.392, ,2,-38.4, ,6.2,:,1.54, ,159.3,8.4," ",,,,"cl0024/cl0024ew2_27.fits  ",6.6949,17.1644
466,f,"Cl 0024+16", ,108,0.1393, ,3,, ,3.1, ,, ,28.9,-65.2,"Scd",0,19.2,0.73,"cl0024/cl0024dg92_47.fits ",6.657,17.144
95,c,"Cl 0024+16", ,1,0.391, ,4,0.0, ,, ,2.52, ,69.1,-64.4,"E",0,21.54,1.66,"                          ",6.6687,17.1442
130,c,"Cl 0024+16", ,36,0.3989, ,2,-54.3, ,, ,1.31, ,78.5,-25.5,"Sc?",4,21.51,0.48,"cl0024/cl0024ew1_22.fits  ",6.6714,17.155
150,c,"Cl 0024+16", ,56,0.3948, ,2,0.0, ,, ,1.73, ,78.8,-10.3,"Sa/S0",2,21.5,1.39,"cl0024/cl0024ew2_22.fits  ",6.6715,17.1592
97,c,"Cl 0024+16", ,3,0.3825, ,3,0.0, ,2.3, ,2.13, ,60.1,-15.3,"Sc",2,21.01,1.1,"cl0024/cl0024dg92_59.fits ",6.6661,17.1579
660,f,"Cl 0024+16", ,132,0.0, ,1,, ,, ,, ,66.1,-11.1,"*",,,,"cl0024/cl0024ew2_21.fits  ",6.6678,17.159
201,c,"Cl 0024+16", ,107,0.3972, ,3,0.0, ,7.9,:,1.81, ,-12.8,-56.9,"S0/E",1,21.31,1.65,"cl0024/cl0024ns2_9.fits   ",6.6449,17.1463
101,c,"Cl 0024+16", ,7,0.3755, ,1,0.0, ,, ,1.8, ,0.9,-44.0,"S0/E",0,20.66,1.45,"cl0024/cl0024dg92_112.fits",6.6489,17.1499
125,c,"Cl 0024+16", ,31,0.3968, ,3,0.0, ,, ,1.81, ,0.1,-29.4,"S0",1,22.26,1.37,"cl0024/cl0024ew1_16.fits  ",6.6487,17.1539
103,c,"Cl 0024+16", ,9,0.386, ,3,, ,, ,1.85, ,12.0,-16.9,"Sb",3,21.45,1.47,"cl0024/cl0024dg92_123.fits",6.6521,17.1574
105,c,"Cl 0024+16", ,11,0.397, ,3,-43.3, ,3.0, ,1.25, ,-26.7,-46.9,"Sd",2,21.48,0.37,"cl0024/cl0024dg92_138.fits",6.6409,17.1491
109,c,"Cl 0024+16", ,15,0.3956, ,2,0.0, ,, ,2.02, ,-30.1,-22.7,"S0",0,21.1,1.42,"cl0024/cl0024dg92_175.fits",6.6399,17.1558
106,c,"Cl 0024+16", ,12,0.396, ,3,0.0, ,, ,2.01, ,-11.9,-24.2,"E",0,19.63,1.58,"cl0024/cl0024dg92_140.fits",6.6452,17.1554
487,f,"Cl 0024+16", ,129,0.2471, ,3,-43.0, ,0.0, ,2.05, ,30.8,-28.4,"Sd",1,,,"cl0024/cl0024ns2_11.fits  ",6.6576,17.1542
98,c,"Cl 0024+16", ,4,0.39, ,4,0.0, ,, ,2.05, ,27.6,-15.2,"E",1,19.77,1.58,"cl0024/cl0024dg92_101.fits",6.6566,17.1579
102,c,"Cl 0024+16", ,8,0.383, ,3,0.0, ,, ,1.88, ,15.5,-14.4,"S0/a",0,21.49,1.38,"cl0024/cl0024dg92_120.fits",6.6531,17.1581
100,c,"Cl 0024+16", ,6,0.39, ,2,0.0, ,, ,1.56, ,31.7,-5.5,"S0",0,20.86,1.26,"cl0024/cl0024dg92_106.fits",6.6578,17.1606
129,c,"Cl 0024+16", ,35,0.395, ,4,0.0, ,, ,1.86, ,61.7,-1.6,"Sb",2,22.19,1.27,"cl0024/cl0024ew1_21.fits  ",6.6666,17.1617
99,c,"Cl 0024+16", ,5,0.391, ,2,-14.4, ,, ,1.28, ,42.3,7.2,"Sd",1,21.3,0.76,"cl0024/cl0024dg92_104.fits",6.6609,17.1641
162,c,"Cl 0024+16", ,68,0.3968, ,3,0.0, ,, ,2.26, ,8.8,-5.0,"E",0,19.58,1.68,"cl0024/cl0024ns1_15.fits  ",6.6512,17.1607
107,c,"Cl 0024+16", ,13,0.39, ,3,0.0, ,, ,2.1, ,4.9,2.8," ",,19.29,1.61,"cl0024/cl0024dg92_144.fits",6.65,17.1629
108,c,"Cl 0024+16", ,14,0.39, ,3,0.0, ,, ,2.08, ,0.0,0.0,"E",0,19.49,1.71,"cl0024/cl0024dg92_148.fits",6.6486,17.1621
147,c,"Cl 0024+16", ,53,0.3977, ,2,0.0, ,, ,1.98, ,39.1,15.4,"E",1,21.67,1.34,"cl0024/cl0024ew2_19.fits  ",6.66,17.1664
128,c,"Cl 0024+16", ,34,0.3935, ,2,0.0, ,3.4, ,2.09, ,44.8,16.2,"Scd",0,20.85,1.44,"cl0024/cl0024ew1_20.fits  ",6.6616,17.1666
149,c,"Cl 0024+16", ,55,0.3953, ,3,-8.9, ,5.1, ,1.66, ,48.2,18.7,"Scd",1,21.14,1.1,"cl0024/cl0024ew2_20.fits  ",6.6626,17.1673
146,c,"Cl 0024+16", ,52,0.3937, ,2,0.0, ,, ,1.92, ,22.7,17.1,"Sa",0,21.56,1.74,"cl0024/cl0024ew2_18.fits  ",6.6552,17.1669
145,c,"Cl 0024+16", ,51,0.392, ,2,-13.7, ,4.9, ,1.38, ,17.0,16.8,"Sc",1,21.53,0.97,"cl0024/cl0024ew2_17.fits  ",6.6536,17.1668
132,c,"Cl 0024+16", ,38,0.3915, ,2,0.0, ,2.8,:,2.13, ,117.0,-0.9,"Sbc",1,21.32,1.7,"cl0024/cl0024ew1_24.fits  ",6.6826,17.1619
152,c,"Cl 0024+16", ,58,0.3934, ,2,-26.7, ,9.3,:,1.33, ,99.9,7.1,"Sc",2,20.77,0.55,"cl0024/cl0024ew2_24.fits  ",6.6777,17.1641
151,c,"Cl 0024+16", ,57,0.3936, ,1,-21.6, ,4.5, ,1.53, ,89.5,9.4,"Sbc",1,19.87,0.93,"cl0024/cl0024ew2_23.fits  ",6.6746,17.1647
96,c,"Cl 0024+16", ,2,0.399, ,2,-50.2, ,, ,1.21, ,97.4,11.8,"Scd",1,21.44,0.39,"cl0024/cl0024dg92_19.fits ",6.6769,17.1654
475,f,"Cl 0024+16", ,117,0.7128, ,2,0.0, ,4.0, ,1.77, ,133.4,15.0," ",,22.2,1.52,"cl0024/cl0024ew2_26.fits  ",6.6874,17.1663
131,c,"Cl 0024+16", ,37,0.3916, ,2,-9.4, ,4.7, ,1.96, ,101.2,37.4," ",,21.17,1.29,"cl0024/cl0024ew1_23.fits  ",6.678,17.1725
104,c,"Cl 0024+16", ,10,0.395, ,1,, ,3.6,:,2.06, ,46.7,38.6," ",,20.26,1.48,"cl0024/cl0024dg92_128.fits",6.6622,17.1728
156,c,"Cl 0024+16", ,62,0.3959, ,4,0.0, ,, ,1.58, ,293.5,29.8," ",,,,"cl0024/cl0024ew2_34.fits  ",6.734,17.1704
479,f,"Cl 0024+16", ,121,0.6946, ,2,-37.8, ,3.9, ,1.22, ,246.1,32.9," ",,,,"cl0024/cl0024ew2_32.fits  ",6.7202,17.1712
471,f,"Cl 0024+16", ,113,0.6547,:,4,0.0, ,0.0, ,1.8, ,228.3,43.6," ",,,,"cl0024/cl0024ew1_32.fits  ",6.715,17.1742
478,f,"Cl 0024+16", ,120,0.6564, ,2,0.0, ,0.0, ,1.92, ,228.4,43.6," ",,,,"cl0024/cl0024ew2_30.fits  ",6.715,17.1742
477,f,"Cl 0024+16", ,119,0.6569, ,2,-3.6, ,0.0, ,1.59, ,200.6,29.9," ",,,,"cl0024/cl0024ew2_29.fits  ",6.7069,17.1704
155,c,"Cl 0024+16", ,61,0.3947, ,3,-32.9, ,, ,1.55, ,262.2,47.2," ",,,,"cl0024/cl0024ew2_33.fits  ",6.7249,17.1752
476,f,"Cl 0024+16", ,118,0.8089, ,4,-15.9, ,0.0, ,1.55, ,177.0,45.7," ",,,,"cl0024/cl0024ew2_28.fits  ",6.7001,17.1748
134,c,"Cl 0024+16", ,40,0.3967, ,3,0.0, ,, ,2.05, ,180.4,62.6," ",,,,"cl0024/cl0024ew1_28.fits  ",6.7011,17.1795
470,f,"Cl 0024+16", ,112,0.4758, ,2,-43.8, ,6.5, ,1.54, ,168.3,66.7," ",,22.51,0.67,"cl0024/cl0024ew1_27.fits  ",6.6976,17.1806
111,c,"Cl 0024+16", ,17,0.3902, ,1,-4.9, ,3.6, ,1.64, ,-30.9,-18.9,"Sbc",0,20.73,0.96,"cl0024/cl0024dg92_178.fits",6.6396,17.1569
124,c,"Cl 0024+16", ,30,0.3946, ,3,, ,, ,1.42, ,-35.4,-6.4,"Sb",1,22.11,0.84,"cl0024/cl0024ew1_14.fits  ",6.6383,17.1603
139,c,"Cl 0024+16", ,45,0.3982,:,4,0.0, ,, ,1.78, ,-48.3,-2.1," ",,22.49,1.39,"cl0024/cl0024ew2_10.fits  ",6.6346,17.1615
184,c,"Cl 0024+16", ,90,0.3913, ,3,0.0, ,, ,1.9, ,-29.5,-11.4,"Sa",0,21.04,1.66,"cl0024/cl0024ns2_13.fits  ",6.64,17.1589
469,f,"Cl 0024+16", ,111,0.2123, ,3,-19.3, ,4.8, ,1.74, ,-35.4,-6.3," ",,21.97,0.84,"cl0024/cl0024ew1_13.fits  ",6.6383,17.1604
115,c,"Cl 0024+16", ,21,0.3842, ,1,0.0, ,, ,1.92, ,-52.7,-1.5," ",,20.34,1.47,"cl0024/cl0024dg92_215.fits",6.6333,17.1617
159,c,"Cl 0024+16", ,65,0.388, ,2,0.0, ,, ,2.09, ,-52.9,-1.7," ",,20.34,1.47,"cl0024/cl0024ew2_9.fits   ",6.6332,17.1616
164,c,"Cl 0024+16", ,70,0.3893, ,4,0.0, ,3.7, ,3.28, ,-29.6,20.1,"S0",0,22.28,1.34,"cl0024/cl0024ns1_17.fits  ",6.64,17.1677
117,c,"Cl 0024+16", ,23,0.399, ,1,, ,, ,1.21, ,-52.4,20.0," ",,20.59,0.51,"cl0024/cl0024dg92_237.fits",6.6334,17.1677
163,c,"Cl 0024+16", ,69,0.3897, ,1,0.0, ,, ,2.33, ,-6.7,5.8,"S0/E",2,21.03,1.61,"cl0024/cl0024ns1_16.fits  ",6.6467,17.1637
144,c,"Cl 0024+16", ,50,0.3891, ,1,0.0, ,2.0, ,2.04, ,8.1,17.4,"E",0,20.28,1.65,"cl0024/cl0024ew2_16.fits  ",6.651,17.1669
474,f,"Cl 0024+16", ,116,0.5558, ,2,-27.2, ,4.7, ,1.35, ,-1.0,17.1,"Scd",2,,,"cl0024/cl0024ew2_15.fits  ",6.6483,17.1669
126,c,"Cl 0024+16", ,32,0.3977, ,2,0.0, ,4.2, ,1.97, ,18.8,28.8,"Sbc",1,21.94,1.12,"cl0024/cl0024ew1_18.fits  ",6.6541,17.1701
143,c,"Cl 0024+16", ,49,0.388, ,1,0.0, ,, ,2.16, ,-20.8,26.4,"SBa/0",1,20.8,1.56,"cl0024/cl0024ew2_14.fits  ",6.6426,17.1694
112,c,"Cl 0024+16", ,18,0.383, ,2,0.0, ,, ,2.08, ,-15.6,33.5,"E",1,20.79,1.64,"cl0024/cl0024dg92_196.fits",6.6441,17.1714
185,c,"Cl 0024+16", ,91,0.3882, ,2,0.0, ,, ,1.9, ,-10.1,38.2,"E",0,21.3,1.81,"cl0024/cl0024ns2_16.fits  ",6.6457,17.1727
114,c,"Cl 0024+16", ,20,0.385, ,1,0.0, ,, ,2.08, ,-18.9,39.3,"E",0,19.73,1.58,"cl0024/cl0024dg92_210.fits",6.6431,17.173
142,c,"Cl 0024+16", ,48,0.3862, ,3,-54.5, ,, ,1.53, ,-39.6,40.9," ",,21.83,1.9,"cl0024/cl0024ew2_13.fits  ",6.6371,17.1735
166,c,"Cl 0024+16", ,72,0.3957, ,2,-23.2, ,, ,1.69, ,-25.2,44.5," ",,21.99,1.14,"cl0024/cl0024ns1_21.fits  ",6.6413,17.1745
467,f,"Cl 0024+16", ,109,0.4545, ,3,-12.9, ,0.0, ,1.41, ,-28.4,43.6," ",,21.17,0.63,"cl0024/cl0024dg92_220.fits",6.6404,17.1742
121,c,"Cl 0024+16", ,27,0.386, ,4,0.0, ,, ,1.98, ,5.4,50.5," ",,,,"cl0024/cl0024dg92_367.fits",6.6502,17.1761
119,c,"Cl 0024+16", ,25,0.401, ,3,, ,, ,1.68, ,-65.6,33.8," ",,20.14,0.88,"cl0024/cl0024dg92_264.fits",6.6296,17.1715
484,f,"Cl 0024+16", ,126,0.2129, ,1,-29.5, ,1.3, ,1.81, ,-57.4,38.9," ",,19.31,0.59,"cl0024/cl0024ns1_20.fits  ",6.6319,17.1729
157,c,"Cl 0024+16", ,63,0.3881, ,2,-20.6, ,3.0, ,1.55, ,-102.7,29.9," ",,21.81,0.76,"cl0024/cl0024ew2_6.fits   ",6.6188,17.1704
468,f,"Cl 0024+16", ,110,0.2132, ,2,0.0, ,7.4, ,2.11, ,-76.7,57.6," ",,21.3,0.79,"cl0024/cl0024ew1_11.fits  ",6.6263,17.1781
140,c,"Cl 0024+16", ,46,0.3968, ,3,0.0, ,, ,2.14, ,-45.6,43.0," ",,20.73,1.62,"cl0024/cl0024ew2_11.fits  ",6.6354,17.1741
141,c,"Cl 0024+16", ,47,0.3965, ,2,0.0, ,, ,2.26, ,-42.2,42.2," ",,21.26,1.48,"cl0024/cl0024ew2_12.fits  ",6.6364,17.1738
186,c,"Cl 0024+16", ,92,0.3983,:,4,, ,7.6, ,2.39, ,-33.5,50.7," ",,21.68,1.72,"cl0024/cl0024ns2_17.fits  ",6.6389,17.1762
116,c,"Cl 0024+16", ,22,0.3915, ,1,0.0, ,, ,1.84, ,-14.4,72.7," ",,20.97,1.45,"cl0024/cl0024dg92_236.fits",6.6444,17.1823
167,c,"Cl 0024+16", ,73,0.3938, ,1,0.0, ,1.4, ,2.56, ,-14.7,72.5," ",,,,"cl0024/cl0024ns1_23.fits  ",6.6444,17.1822
485,f,"Cl 0024+16", ,127,0.2724, ,1,0.0, ,0.0, ,1.93, ,-53.9,86.8," ",,20.4,1.27,"cl0024/cl0024ns1_24.fits  ",6.633,17.1862
127,c,"Cl 0024+16", ,33,0.4035, ,3,0.0, ,, ,1.93, ,33.2,47.6," ",,22.29,1.2,"cl0024/cl0024ew1_19.fits  ",6.6583,17.1753
110,c,"Cl 0024+16", ,16,0.399, ,2,-20.7, ,, ,1.49, ,23.9,53.6," ",,21.34,0.84,"cl0024/cl0024dg92_177.fits",6.6556,17.177
118,c,"Cl 0024+16", ,24,0.386, ,3,-15.5, ,, ,1.48, ,-6.9,85.8," ",,20.83,0.69,"cl0024/cl0024dg92_241.fits",6.6466,17.1859
168,c,"Cl 0024+16", ,74,0.3962, ,1,, ,3.2, ,2.2, ,6.4,103.4," ",,20.96,1.51,"cl0024/cl0024ns1_25.fits  ",6.6505,17.1908
169,c,"Cl 0024+16", ,75,0.389, ,2,-37.9, ,3.9, ,1.72, ,-29.1,118.4," ",,22.51,0.6,"cl0024/cl0024ns1_26.fits  ",6.6402,17.195
123,c,"Cl 0024+16", ,29,0.3914, ,2,-42.1, ,7.5, ,1.76, ,-98.5,67.3," ",,21.83,0.57,"cl0024/cl0024ew1_10.fits  ",6.62,17.1808
138,c,"Cl 0024+16", ,44,0.396, ,3,0.0, ,, ,, ,-104.0,69.8," ",,20.72,1.76,"cl0024/cl0024ew1_9.fits   ",6.6184,17.1815
187,c,"Cl 0024+16", ,93,0.395, ,3,-17.3, ,, ,1.34, ,-86.8,92.6," ",,22.39,0.86,"cl0024/cl0024ns2_19.fits  ",6.6234,17.1878
665,f,"Cl 0024+16", ,137,0.0, ,1,, ,, ,, ,-94.5,105.9," ",,21.31,1.36,"cl0024/cl0024ns2_20.fits  ",6.6212,17.1915
189,c,"Cl 0024+16", ,95,0.3928, ,2,0.0, ,4.7, ,2.67, ,-110.2,115.7," ",,21.42,1.94,"cl0024/cl0024ns2_21.fits  ",6.6166,17.1942
190,c,"Cl 0024+16", ,96,0.397, ,2,0.0, ,, ,2.28, ,-137.2,136.0," ",,,,"cl0024/cl0024ns2_22.fits  ",6.6087,17.1999
191,c,"Cl 0024+16", ,97,0.392, ,1,-3.5, ,2.7, ,1.97, ,-116.6,151.1," ",,19.97,1.36,"cl0024/cl0024ns2_23.fits  ",6.6147,17.2041
120,c,"Cl 0024+16", ,26,0.3923, ,3,0.0, ,, ,1.62, ,-42.6,110.1," ",,20.5,1.33,"cl0024/cl0024dg92_293.fits",6.6362,17.1927
172,c,"Cl 0024+16", ,78,0.3954, ,2,0.0, ,2.0, ,2.41, ,-26.5,154.0," ",,21.28,1.56,"cl0024/cl0024ns1_29.fits  ",6.6409,17.2049
174,c,"Cl 0024+16", ,80,0.3955, ,2,-33.9, ,, ,2.04, ,-28.6,157.0," ",,20.95,0.77,"cl0024/cl0024ns1_30.fits  ",6.6403,17.2057
170,c,"Cl 0024+16", ,76,0.3931, ,2,0.0, ,, ,2.79, ,-55.2,134.5," ",,21.38,1.62,"cl0024/cl0024ns1_27.fits  ",6.6326,17.1995
171,c,"Cl 0024+16", ,77,0.3929, ,3,0.0, ,, ,1.82, ,-55.4,166.3," ",,,,"cl0024/cl0024ns1_28.fits  ",6.6325,17.2083
192,c,"Cl 0024+16", ,98,0.3921, ,3,0.0, ,11.8,:,2.13, ,-79.9,166.7," ",,,,"cl0024/cl0024ns2_24.fits  ",6.6254,17.2084
175,c,"Cl 0024+16", ,81,0.3884, ,2,-19.4, ,, ,1.88, ,-62.8,169.7," ",,21.83,0.9,"cl0024/cl0024ns1_31.fits  ",6.6304,17.2092
193,c,"Cl 0024+16", ,99,0.3962, ,3,, ,, ,2.12, ,-104.5,184.7," ",,,,"cl0024/cl0024ns2_25.fits  ",6.6182,17.2134
176,c,"Cl 0024+16", ,82,0.3933, ,3,, ,, ,1.9, ,-50.3,185.8," ",,,,"cl0024/cl0024ns1_32.fits  ",6.634,17.2137
662,f,"Cl 0024+16", ,134,0.0, ,1,, ,, ,, ,-44.7,198.5," ",,21.64,1.22,"cl0024/cl0024ns1_33.fits  ",6.6356,17.2172
177,c,"Cl 0024+16", ,83,0.3902, ,4,-34.0, ,12.0,:,2.13, ,-76.3,213.6," ",,,,"cl0024/cl0024ns1_34.fits  ",6.6264,17.2214
194,c,"Cl 0024+16", ,100,0.3955, ,3,-16.0, ,, ,1.77, ,-116.4,196.8," ",,,,"cl0024/cl0024ns2_26.fits  ",6.6148,17.2168
195,c,"Cl 0024+16", ,101,0.3977, ,3,, ,3.5,:,2.44, ,-146.8,221.3," ",,,,"cl0024/cl0024ns2_27.fits  ",6.6059,17.2236
486,f,"Cl 0024+16", ,128,0.6231, ,3,-14.0, ,8.0, ,1.57, ,-63.4,240.4," ",,,,"cl0024/cl0024ns1_35.fits  ",6.6302,17.2289
196,c,"Cl 0024+16", ,102,0.3934, ,3,-23.6, ,6.3, ,1.77, ,-114.0,248.1," ",,,,"cl0024/cl0024ns2_29.fits  ",6.6155,17.231
453,f,"Cl 0016+16", ,30,0.329, ,3,0.0, ,0.0, ,1.78, ,85.0,-87.0," ",,20.38,1.1,"cl0016/cl0016dg92_72.fits ",4.6647,16.4134
67,c,"Cl 0016+16", ,2,0.5304, ,3,0.0, ,11.3, ,2.06, ,37.3,-69.1,"Sb",3,22.24,1.38,"cl0016/cl0016dg92_106.fits",4.6508,16.4184
70,c,"Cl 0016+16", ,5,0.555, ,4,0.0, ,, ,2.0, ,32.2,-66.4,"Sbc",0,21.67,1.55,"cl0016/cl0016dg92_114.fits",4.6494,16.4191
66,c,"Cl 0016+16", ,1,0.5485, ,1,-8.6, ,12.4,:,1.65, ,-21.1,-91.8,"Sc",2,22.32,0.96,"cl0016/cl0016dg92_67.fits ",4.6339,16.4121
69,c,"Cl 0016+16", ,4,0.5487, ,2,0.0, ,, ,1.69, ,-60.8,-66.9,"Sa",0,21.73,1.6,"                          ",4.6224,16.419
68,c,"Cl 0016+16", ,3,0.5507, ,1,0.0, ,, ,2.02, ,-14.4,-69.1,"Sa",2,20.85,1.7,"cl0016/cl0016dg92_107.fits",4.6359,16.4184
71,c,"Cl 0016+16", ,6,0.5447, ,3,0.0, ,8.5, ,1.76, ,-16.2,-66.0,"S0",1,21.46,1.58,"cl0016/cl0016dg92_115.fits",4.6353,16.4192
73,c,"Cl 0016+16", ,8,0.5498, ,2,0.0, ,8.7, ,2.02, ,-16.6,-56.4,"Sbc",0,22.13,1.22,"cl0016/cl0016dg92_139.fits",4.6352,16.4219
455,f,"Cl 0016+16", ,32,0.3011, ,2,0.0, ,0.0, ,2.04, ,-19.3,-32.3,"Sa",1,19.82,1.27,"cl0016/cl0016dg92_184.fits",4.6345,16.4286
74,c,"Cl 0016+16", ,9,0.541, ,4,0.0, ,, ,2.51, ,-52.9,-46.0,"E",0,22.54,1.43,"cl0016/cl0016dg92_159.fits",4.6247,16.4248
76,c,"Cl 0016+16", ,11,0.5561, ,1,0.0, ,4.4, ,1.69, ,-38.2,-34.4,"Sab",2,21.62,1.46,"cl0016/cl0016dg92_181.fits",4.629,16.428
77,c,"Cl 0016+16", ,12,0.5523, ,1,-12.9, ,, ,1.7, ,-34.2,-31.7,"Sc",2,20.78,1.19,"cl0016/cl0016dg92_186.fits",4.6301,16.4288
457,f,"Cl 0016+16", ,34,0.3204,:,4,0.0, ,0.0, ,1.03, ,-27.0,-13.5,"Sc",1,21.46,0.69,"cl0016/cl0016dg92_223.fits",4.6322,16.4338
454,f,"Cl 0016+16", ,31,0.3962, ,2,-14.8, ,0.0, ,1.44, ,65.0,-78.7," ",,20.72,0.98,"cl0016/cl0016dg92_87.fits ",4.6589,16.4157
72,c,"Cl 0016+16", ,7,0.5555, ,2,0.0, ,8.5,:,1.5, ,46.2,-58.4,"?",2,22.24,0.94,"cl0016/cl0016dg92_134.fits",4.6534,16.4213
75,c,"Cl 0016+16", ,10,0.5549, ,3,0.0, ,6.6,:,1.58, ,37.4,-43.9,"Sbc",1,22.35,1.39,"cl0016/cl0016dg92_163.fits",4.6509,16.4254
78,c,"Cl 0016+16", ,13,0.5474,:,4,0.0, ,, ,1.67, ,-6.4,-23.2,"E",0,21.0,1.8,"                          ",4.6382,16.4311
456,f,"Cl 0016+16", ,33,0.6354, ,1,0.0, ,0.0, ,2.26, ,-6.4,-23.2," ",,21.0,1.8,"                          ",4.6382,16.4311
459,f,"Cl 0016+16", ,36,0.6223, ,4,-40.1, ,0.0, ,1.22, ,37.1,-1.6," ",,22.64,0.48,"cl0016/cl0016dg92_248.fits",4.6508,16.4371
460,f,"Cl 0016+16", ,37,0.2066, ,3,, ,7.3, ,1.34, ,21.0,5.4," ",,21.77,0.23,"cl0016/cl0016dg92_263.fits",4.6461,16.4391
89,c,"Cl 0016+16", ,24,0.5595, ,1,-3.9,:,4.4, ,1.69, ,77.0,47.6," ",,20.83,1.25,"cl0016/cl0016dg92_371.fits",4.6623,16.4508
90,c,"Cl 0016+16", ,25,0.5432, ,1,0.0, ,, ,1.96, ,108.2,63.9," ",,21.35,1.54,"cl0016/cl0016dg92_404.fits",4.6714,16.4553
79,c,"Cl 0016+16", ,14,0.5382, ,1,0.0, ,, ,2.03, ,-10.9,-12.2,"E/S0",0,20.84,1.69,"cl0016/cl0016dg92_224.fits",4.6369,16.4342
80,c,"Cl 0016+16", ,15,0.5433, ,1,0.0, ,, ,2.34, ,0.0,0.0,"E",0,20.04,1.72,"cl0016/cl0016dg92_251.fits",4.64,16.4376
458,f,"Cl 0016+16", ,35,0.6577, ,1,-27.8, ,2.1, ,1.46, ,-6.1,-3.5,"Sd",4,22.07,0.74,"cl0016/cl0016dg92_244.fits",4.6383,16.4366
82,c,"Cl 0016+16", ,17,0.5405, ,2,0.0, ,, ,2.22, ,9.0,6.6,"E",1,21.7,1.64,"cl0016/cl0016dg92_269.fits",4.6426,16.4394
81,c,"Cl 0016+16", ,16,0.5499, ,2,0.0, ,, ,2.07, ,-35.6,5.6,"E",0,21.36,1.78,"cl0016/cl0016dg92_264.fits",4.6297,16.4391
84,c,"Cl 0016+16", ,19,0.5335, ,4,0.0, ,, ,2.35, ,-29.9,22.9,"E",1,21.53,1.61,"cl0016/cl0016dg92_304.fits",4.6314,16.4439
461,f,"Cl 0016+16", ,38,0.6504, ,1,-4.2, ,0.0, ,2.04, ,-30.6,28.7,"Sb",1,21.08,1.51,"cl0016/cl0016dg92_318.fits",4.6312,16.4455
83,c,"Cl 0016+16", ,18,0.5528, ,2,0.0, ,, ,2.02, ,26.0,19.5,"E",0,22.43,1.29,"cl0016/cl0016dg92_300.fits",4.6476,16.443
86,c,"Cl 0016+16", ,21,0.5601, ,2,-27.2, ,4.4, ,1.59, ,34.7,36.0,"Sd",1,22.21,1.14,"cl0016/cl0016dg92_338.fits",4.6501,16.4476
463,f,"Cl 0016+16", ,40,0.8113, ,3,-45.6, ,0.0, ,1.16, ,29.6,57.2," ",,22.67,0.35,"cl0016/cl0016dg92_391.fits",4.6486,16.4534
92,c,"Cl 0016+16", ,27,0.5391, ,2,-62.3, ,, ,1.48, ,22.9,66.9," ",,22.3,0.58,"cl0016/cl0016dg92_413.fits",4.6467,16.4561
85,c,"Cl 0016+16", ,20,0.548, ,2,0.0, ,, ,2.06, ,-45.7,29.0,"E",0,22.33,1.79,"cl0016/cl0016dg92_320.fits",4.6268,16.4456
88,c,"Cl 0016+16", ,23,0.5373, ,2,-33.5, ,4.8, ,1.29, ,-59.0,41.8," ",,22.66,0.96,"cl0016/cl0016dg92_356.fits",4.623,16.4492
87,c,"Cl 0016+16", ,22,0.5304, ,3,0.0, ,5.3, ,2.09, ,-29.1,40.5,"S0",1,21.96,1.54,"cl0016/cl0016dg92_352.fits",4.6316,16.4488
462,f,"Cl 0016+16", ,39,0.5766, ,2,-25.1, ,0.0, ,1.47, ,-38.1,55.0,"Sbc",1,21.85,1.13,"cl0016/cl0016dg92_387.fits",4.629,16.4528
91,c,"Cl 0016+16", ,26,0.53, ,3,0.0, ,4.2,:,1.85, ,-9.1,66.2," ",,21.89,1.43,"cl0016/cl0016dg92_411.fits",4.6374,16.4559
464,f,"Cl 0016+16", ,41,0.3302, ,4,-12.5, ,0.0, ,1.45, ,6.9,87.9," ",,22.39,0.37,"cl0016/cl0016dg92_434.fits",4.642,16.462
465,f,"Cl 0016+16", ,42,0.0672, ,1,, ,0.0, ,, ,-32.6,88.6," ",,22.47,-0.09,"cl0016/cl0016dg92_436.fits",4.6306,16.4622
94,c,"Cl 0016+16", ,29,0.5429, ,2,0.0, ,, ,2.21, ,-7.9,92.3," ",,21.09,1.66,"cl0016/cl0016dg92_439.fits",4.6378,16.4632
93,c,"Cl 0016+16", ,28,0.5477, ,1,0.0, ,, ,2.34, ,49.6,83.2," ",,21.15,1.69,"cl0016/cl0016dg92_430.fits",4.6544,16.4607
273,c,"Cl 0412-65", ,9,0.503, ,3,0.0, ,, ,1.53, ,-12.7,-210.9," ",,,,"cl0412/cl0412ma2_3.fits   ",63.2001,-65.9041
265,c,"Cl 0412-65", ,1,0.5024,:,4,0.0, ,, ,1.8,:,-54.9,-242.9," ",,,,"cl0412/cl0412ma1_1.fits   ",63.1715,-65.913
267,c,"Cl 0412-65", ,3,0.511, ,3,-14.8,:,, ,1.6,:,-35.7,-205.6," ",,,,"cl0412/cl0412ma1_2.fits   ",63.1845,-65.9027
547,f,"Cl 0412-65", ,23,0.608, ,3,-37.0, ,0.0, ,1.5, ,-81.5,-144.0," ",,,,"cl0412/cl0412ma2_7.fits   ",63.1534,-65.8856
269,c,"Cl 0412-65", ,5,0.5064, ,2,-48.8, ,, ,1.3,:,-72.8,-121.6," ",,,,"cl0412/cl0412ma1_7.fits   ",63.1593,-65.8793
274,c,"Cl 0412-65", ,10,0.507,:,3,0.0, ,, ,2.0,:,-271.7,-105.0," ",,,,"cl0412/cl0412ma2_9.fits   ",63.0243,-65.8747
548,f,"Cl 0412-65", ,24,0.36, ,2,-96.0, ,0.0, ,1.42, ,43.8,-125.2," ",,,,"cl0412/cl0412ma2_8.fits   ",63.2385,-65.8803
270,c,"Cl 0412-65", ,6,0.508,:,4,0.0, ,, ,, ,31.6,-94.5," ",,,,"cl0412/cl0412ma2_10.fits  ",63.2302,-65.8718
539,f,"Cl 0412-65", ,15,0.48,:,4,0.0, ,0.0, ,2.04, ,8.5,-72.5," ",,,,"cl0412/cl0412ma2_11.fits  ",63.2145,-65.8657
541,f,"Cl 0412-65", ,17,0.606, ,4,-17.0, ,0.0, ,1.6, ,-21.7,-43.9,"Sc",0,,,"cl0412/cl0412ma2_13.fits  ",63.194,-65.8577
535,f,"Cl 0412-65", ,11,0.2917, ,2,-132.0, ,0.0, ,1.4, ,-46.2,-81.3," ",,,,"cl0412/cl0412ma1_10.fits  ",63.1774,-65.8681
540,f,"Cl 0412-65", ,16,0.36, ,2,0.0, ,0.0, ,2.25, ,-42.8,-61.8," ",,,,"cl0412/cl0412ma2_12.fits  ",63.1797,-65.8627
536,f,"Cl 0412-65", ,12,0.489, ,3,-27.9, ,, ,1.4,:,28.0,-42.1,"Sm",3,,,"cl0412/cl0412ma1_13.fits  ",63.2278,-65.8572
271,c,"Cl 0412-65", ,7,0.509,:,4,0.0, ,, ,1.6,:,39.2,-29.5,"Sa",2,,,"cl0412/cl0412ma2_14.fits  ",63.2354,-65.8537
266,c,"Cl 0412-65", ,2,0.504, ,3,0.0, ,, ,2.02, ,18.9,-22.9,"S0",0,,,"cl0412/cl0412ma1_14.fits  ",63.2216,-65.8519
542,f,"Cl 0412-65", ,18,0.4238, ,3,0.0, ,0.0, ,2.07, ,46.5,18.3," ",,,,"cl0412/cl0412ma2_17.fits  ",63.2403,-65.8405
537,f,"Cl 0412-65", ,13,0.0853, ,3,0.0, ,0.0, ,, ,-22.9,22.8,"E",1,,,"cl0412/cl0412ma1_17.fits  ",63.1932,-65.8392
544,f,"Cl 0412-65", ,20,0.21, ,2,-80.0, ,0.0, ,1.21, ,11.6,51.0," ",,,,"cl0412/cl0412ma2_20.fits  ",63.2166,-65.8314
268,c,"Cl 0412-65", ,4,0.51,:,4,0.0, ,, ,, ,-72.2,124.3," ",,,,"cl0412/cl0412ma1_24.fits  ",63.1597,-65.811
545,f,"Cl 0412-65", ,21,0.4738, ,2,-59.0, ,0.0, ,1.52, ,-82.3,163.3," ",,,,"cl0412/cl0412ma2_26.fits  ",63.1529,-65.8002
543,f,"Cl 0412-65", ,19,0.379,:,4,0.0, ,0.0, ,1.73, ,75.6,50.1," ",,,,"cl0412/cl0412ma2_19.fits  ",63.2601,-65.8316
272,c,"Cl 0412-65", ,8,0.513, ,3,0.0, ,9.8,:,1.62, ,42.3,77.8," ",,,,"cl0412/cl0412ma2_21.fits  ",63.2375,-65.8239
538,f,"Cl 0412-65", ,14,0.4326, ,3,-31.0, ,0.0, ,1.5, ,2.8,178.6," ",,,,"cl0412/cl0412ma1_26.fits  ",63.2107,-65.7959
546,f,"Cl 0412-65", ,22,0.4331, ,3,-33.0, ,0.0, ,1.42, ,2.8,178.6," ",,,,"cl0412/cl0412ma2_27.fits  ",63.2107,-65.7959
489,f,"Cl 0054-27", ,13,0.215, ,1,0.0, ,0.0, ,1.86, ,28.4,-222.8," ",,,,"                          ",14.2547,-27.7341
497,f,"Cl 0054-27", ,21,0.6508, ,2,-50.0, ,0.0, ,1.26, ,-1.5,-213.9," ",,,,"                          ",14.2454,-27.7316
499,f,"Cl 0054-27", ,23,0.4229, ,3,-30.0, ,0.0, ,1.33, ,-59.4,-177.8," ",,,,"                          ",14.2272,-27.7216
498,f,"Cl 0054-27", ,22,0.2976, ,2,-32.0, ,0.0, ,1.33, ,-43.6,-185.3," ",,,,"                          ",14.2322,-27.7237
500,f,"Cl 0054-27", ,24,0.631, ,3,-30.0, ,0.0, ,1.38, ,-33.3,-159.4," ",,,,"                          ",14.2354,-27.7165
203,c,"Cl 0054-27", ,2,0.561, ,3,-37.6, ,, ,1.3,:,-34.0,-112.3," ",,,,"                          ",14.2352,-27.7034
493,f,"Cl 0054-27", ,17,0.3193, ,3,0.0, ,0.0, ,1.65, ,104.7,-128.0," ",,,,"                          ",14.2787,-27.7078
501,f,"Cl 0054-27", ,25,0.1616, ,2,-49.0, ,0.0, ,1.28, ,17.3,-132.8," ",,,,"                          ",14.2513,-27.7091
494,f,"Cl 0054-27", ,18,0.0985, ,3,0.0, ,0.0, ,, ,3.5,-93.3," ",,,,"                          ",14.2469,-27.6981
204,c,"Cl 0054-27", ,3,0.5617, ,3,-11.3, ,, ,1.5,:,-60.0,-92.4," ",,,,"                          ",14.227,-27.6979
205,c,"Cl 0054-27", ,4,0.577, ,3,-22.7, ,, ,1.4,:,-73.5,-67.4,"Sc",1,,,"                          ",14.2228,-27.6909
206,c,"Cl 0054-27", ,5,0.5608, ,3,0.0, ,, ,2.13, ,-14.9,-41.5,"S0",0,,,"                          ",14.2412,-27.6838
495,f,"Cl 0054-27", ,19,0.2755, ,3,-8.0, ,0.0, ,1.37, ,24.3,-45.9,"Sb",1,,,"                          ",14.2535,-27.685
207,c,"Cl 0054-27", ,6,0.552, ,2,0.0, ,, ,2.61, ,-8.9,-27.5,"SB0",0,,,"                          ",14.243,-27.6799
496,f,"Cl 0054-27", ,20,0.65, ,2,0.0, ,0.0, ,2.06, ,-14.9,-22.4,"E",0,,,"                          ",14.2412,-27.6784
209,c,"Cl 0054-27", ,8,0.56,:,4,0.0, ,, ,1.26, ,-56.2,-7.8,"Sbc",0,,,"                          ",14.2282,-27.6744
210,c,"Cl 0054-27", ,9,0.562, ,3,0.0, ,, ,, ,-55.9,8.2,"E",0,,,"                          ",14.2283,-27.6699
208,c,"Cl 0054-27", ,7,0.553, ,3,0.0, ,, ,1.9, ,-27.4,-20.4,"E/S0",1,,,"                          ",14.2372,-27.6779
202,c,"Cl 0054-27", ,1,0.563,:,4,0.0, ,, ,1.8,:,-27.6,17.9,"Sa",1,,,"                          ",14.2372,-27.6673
490,f,"Cl 0054-27", ,14,0.63,:,4,0.0, ,0.0, ,1.73, ,0.9,64.9," ",,,,"                          ",14.2461,-27.6542
211,c,"Cl 0054-27", ,10,0.559, ,2,0.0, ,, ,1.7,:,44.7,89.3," ",,,,"                          ",14.2599,-27.6474
212,c,"Cl 0054-27", ,11,0.56, ,2,0.0, ,, ,2.18, ,-39.5,104.8," ",,,,"                          ",14.2334,-27.6431
213,c,"Cl 0054-27", ,12,0.56, ,2,, ,, ,1.11, ,-16.9,115.2," ",,,,"                          ",14.2405,-27.6402
492,f,"Cl 0054-27", ,16,0.164,:,4,0.0, ,0.0, ,, ,125.5,193.5," ",,,,"                          ",14.2852,-27.6185
491,f,"Cl 0054-27", ,15,0.2148, ,2,0.0, ,0.0, ,1.05, ,19.5,156.2," ",,,,"                          ",14.2519,-27.6288
